F1,F2
-8.74E-09,A
2.30E-08,A
2.34E-08,A
2.38E-08,A
1.65E-08,A
2.48E-08,A
2.44E-08,A
1.04E-09,A
9.36E-09,A
-5.88E-09,A
9.86E-09,A
1.51E-09,A
4.38E-10,A
1.25E-10,A
1.53E-08,A
3.21E-08,A
2.41E-08,A
2.37E-08,A
2.38E-08,A
2.34E-08,A
2.32E-08,A
-1.96E-10,A
1.63E-08,A
1.60E-08,A
1.64E-08,A
-7.93E-09,A
1.54E-08,A
2.42E-08,A
8.77E-09,A
1.67E-08,A
1.66E-08,A
2.48E-08,A
2.41E-08,A
3.20E-08,A
4.83E-08,A
2.42E-08,A
2.49E-08,A
8.28E-09,A
1.62E-08,A
3.25E-08,A
1.63E-08,A
1.67E-08,A
2.58E-08,A
2.56E-08,A
2.56E-08,A
5.02E-08,A
5.02E-08,A
3.46E-08,A
1.91E-08,A
3.52E-08,A
3.52E-08,A
1.97E-08,A
1.94E-08,A
1.86E-08,A
2.72E-08,A
1.07E-08,A
1.07E-08,A
1.91E-08,A
1.16E-08,A
2.02E-08,A
2.08E-08,A
1.22E-08,A
4.14E-09,A
1.25E-08,A
1.22E-08,A
4.04E-09,A
4.55E-09,A
2.11E-08,A
2.14E-08,A
1.37E-08,A
2.22E-08,A
2.29E-08,A
1.53E-08,A
1.51E-08,A
1.54E-08,A
2.40E-08,A
7.42E-09,A
-8.80E-09,A
1.44E-08,A
6.28E-09,A
1.47E-08,A
2.27E-08,A
1.50E-08,A
2.27E-08,A
1.39E-08,A
6.09E-09,A
7.01E-09,A
7.33E-09,A
1.41E-08,A
1.56E-08,A
3.14E-08,A
2.27E-08,A
6.68E-09,A
6.26E-09,A
6.55E-09,A
-8.33E-10,A
-8.96E-10,A
-9.41E-10,A
-1.69E-08,A
-5.01E-10,A
3.38E-11,A
-8.30E-09,A
2.92E-11,A
1.57E-08,A
5.95E-09,A
-1.26E-09,A
6.41E-09,A
7.24E-09,A
1.55E-08,A
1.64E-08,A
-5.76E-11,A
1.60E-08,A
-5.43E-10,A
-8.60E-10,A
-9.94E-10,A
-1.77E-08,A
-9.97E-09,A
-2.61E-08,A
-3.49E-09,A
-1.93E-08,A
-2.81E-09,A
-3.41E-08,A
-2.58E-08,A
-2.55E-08,A
-2.49E-08,A
-3.25E-08,A
-3.16E-08,A
-2.34E-08,A
-1.54E-08,A
-1.57E-08,A
-1.55E-08,A
-7.66E-09,A
-7.41E-09,A
-7.89E-09,A
-7.39E-09,A
-7.51E-09,A
2.02E-10,A
-1.15E-10,A
-3.04E-10,A
-1.65E-08,A
7.70E-09,A
-7.89E-09,A
6.39E-09,A
-8.35E-10,A
-8.43E-09,A
-3.32E-10,A
7.94E-09,A
2.30E-08,A
6.98E-09,A
-1.26E-09,A
-1.65E-08,A
-1.54E-08,A
-2.39E-08,A
-1.54E-08,A
-4.80E-08,A
-3.13E-08,A
-5.60E-08,A
-1.53E-08,A
-3.16E-08,A
-3.90E-08,A
-3.93E-08,A
-3.92E-08,A
-4.67E-08,A
-3.83E-08,A
-4.66E-08,A
-5.42E-08,A
-5.47E-08,A
-7.08E-08,A
-5.50E-08,A
-8.69E-08,A
-6.25E-08,A
-5.47E-08,A
-7.07E-08,A
-6.30E-08,A
-7.89E-08,A
-7.88E-08,A
-7.00E-08,A
-7.78E-08,A
-5.36E-08,A
-3.73E-08,A
-3.77E-08,A
-6.15E-08,A
-7.86E-08,A
-3.83E-08,A
-4.72E-08,A
-4.68E-08,A
-3.87E-08,A
-5.47E-08,A
-6.36E-08,A
-5.55E-08,A
-3.15E-08,A
-2.45E-08,A
-4.79E-08,A
-5.55E-08,A
-6.34E-08,A
-5.57E-08,A
-3.17E-08,A
-3.98E-08,A
-5.50E-08,A
-5.42E-08,A
-3.05E-08,A
-5.48E-08,A
-4.67E-08,A
-4.66E-08,A
-3.93E-08,A
-3.94E-08,A
-4.65E-08,A
-4.71E-08,A
-3.88E-08,A
-3.12E-08,A
-4.69E-08,A
-3.10E-08,A
-3.08E-08,A
-3.04E-08,A
-5.48E-08,A
-4.76E-08,A
-4.78E-08,A
-2.35E-08,A
-3.24E-08,A
-3.18E-08,A
-3.19E-08,A
-4.80E-08,A
-5.64E-08,A
-4.87E-08,A
-4.83E-08,A
-3.19E-08,A
-4.72E-08,A
-4.76E-08,A
-4.02E-08,A
-4.76E-08,A
-4.69E-08,A
-3.88E-08,A
-6.24E-08,A
-5.37E-08,A
-4.65E-08,A
-6.24E-08,A
-4.71E-08,A
-3.04E-08,A
-3.07E-08,A
-3.12E-08,A
-3.94E-08,A
-3.08E-08,A
-4.01E-08,A
-4.06E-08,A
-4.86E-08,A
-6.46E-08,A
-6.46E-08,A
-5.66E-08,A
-5.70E-08,A
-7.27E-08,A
-8.05E-08,A
-5.58E-08,A
-5.61E-08,A
-4.76E-08,A
-6.41E-08,A
-5.63E-08,A
-5.60E-08,A
-4.82E-08,A
-4.01E-08,A
-4.00E-08,A
-6.41E-08,A
-6.44E-08,A
-6.44E-08,A
-6.50E-08,A
-7.38E-08,A
-5.71E-08,A
-5.81E-08,A
-7.44E-08,A
-5.87E-08,A
-6.59E-08,A
-7.40E-08,A
-6.60E-08,A
-5.92E-08,A
-7.45E-08,A
-8.27E-08,A
-6.69E-08,A
-8.30E-08,A
-5.12E-08,A
-5.94E-08,A
-5.89E-08,A
-7.49E-08,A
-8.31E-08,A
-6.69E-08,A
-7.45E-08,A
-6.58E-08,A
-7.37E-08,A
-7.38E-08,A
-6.57E-08,A
-8.18E-08,A
-8.22E-08,A
-8.26E-08,A
-7.38E-08,A
-6.54E-08,A
-5.79E-08,A
-5.75E-08,A
-4.18E-08,A
-4.15E-08,A
-3.33E-08,A
-4.97E-08,A
-4.95E-08,A
-5.03E-08,A
-3.39E-08,A
-5.79E-08,A
-6.62E-08,A
-4.88E-08,A
-4.89E-08,A
-4.79E-08,A
-4.86E-08,A
-4.89E-08,A
-4.08E-08,A
-4.78E-08,A
-3.99E-08,A
-3.20E-08,A
-4.73E-08,A
-2.38E-08,A
-2.38E-08,A
-4.76E-08,A
-3.08E-08,A
-3.02E-08,A
-4.63E-08,A
-4.68E-08,A
-4.00E-08,A
-3.96E-08,A
-5.63E-08,A
-4.10E-08,A
-3.28E-08,A
-3.36E-08,A
-4.12E-08,A
-4.93E-08,A
-4.88E-08,A
-4.87E-08,A
-4.87E-08,A
-4.90E-08,A
-4.84E-08,A
-4.93E-08,A
-4.13E-08,A
-5.69E-08,A
-4.05E-08,A
-4.89E-08,A
-4.02E-08,A
-5.56E-08,A
-3.98E-08,A
-5.54E-08,A
-3.96E-08,A
-5.62E-08,A
-5.61E-08,A
-5.71E-08,A
-7.20E-08,A
-3.25E-08,A
-3.18E-08,A
-3.32E-08,A
-3.35E-08,A
-2.54E-08,A
-2.57E-08,A
-1.77E-08,A
-1.90E-09,A
-2.18E-09,A
-1.85E-08,A
-1.81E-08,A
-1.07E-08,A
-9.66E-09,A
-2.15E-09,A
-1.88E-08,A
-3.07E-09,A
-2.15E-09,A
-1.85E-09,A
-2.43E-09,A
-2.64E-09,A
-1.84E-08,A
5.66E-09,A
-2.35E-09,A
6.15E-09,A
1.40E-08,A
-1.26E-09,A
-1.13E-09,A
-1.72E-09,A
-1.80E-08,A
-1.02E-08,A
-1.12E-08,A
3.90E-09,A
-3.98E-09,A
3.11E-09,A
3.78E-09,A
-2.02E-08,A
-1.17E-08,A
-1.22E-08,A
-1.12E-08,A
-1.13E-08,A
1.24E-08,A
4.15E-09,A
-1.92E-08,A
-1.03E-08,A
-1.08E-08,A
-1.11E-08,A
-3.69E-09,A
-1.18E-08,A
-2.73E-08,A
-2.51E-09,A
-1.84E-08,A
4.90E-09,A
-1.10E-08,A
-1.05E-08,A
-1.88E-08,A
-1.93E-08,A
-1.90E-08,A
-1.89E-08,A
-3.25E-09,A
-2.17E-09,A
-2.35E-09,A
-9.96E-09,A
-1.63E-09,A
-1.76E-08,A
-2.04E-09,A
5.60E-09,A
5.97E-09,A
6.07E-09,A
6.23E-09,A
-1.03E-08,A
-1.16E-09,A
-9.64E-10,A
-6.94E-10,A
7.30E-09,A
6.59E-09,A
1.47E-08,A
6.41E-09,A
-1.07E-09,A
-1.17E-09,A
7.35E-09,A
-6.64E-10,A
6.59E-09,A
6.48E-09,A
-1.77E-09,A
1.41E-08,A
5.84E-09,A
-1.78E-08,A
-1.40E-09,A
-1.11E-09,A
-1.85E-08,A
-2.60E-08,A
-2.60E-08,A
-1.80E-08,A
-2.59E-08,A
-1.22E-09,A
-1.77E-08,A
-8.96E-09,A
6.75E-09,A
7.39E-09,A
1.53E-08,A
1.57E-08,A
3.10E-08,A
2.31E-08,A
5.94E-09,A
6.84E-09,A
-8.87E-09,A
7.16E-09,A
-7.39E-10,A
7.03E-09,A
-8.96E-09,A
7.04E-09,A
-1.81E-09,A
2.28E-08,A
1.53E-08,A
1.52E-08,A
2.31E-08,A
3.11E-08,A
3.07E-08,A
3.13E-08,A
2.38E-08,A
8.08E-09,A
2.36E-08,A
2.36E-08,A
1.48E-08,A
1.57E-08,A
3.18E-08,A
2.41E-08,A
1.35E-08,T
1.39E-08,T
2.16E-08,T
2.97E-08,T
2.94E-08,T
2.15E-08,T
1.29E-08,T
1.30E-08,T
1.20E-08,T
1.31E-08,T
2.94E-08,T
5.99E-09,T
2.12E-08,T
2.13E-08,T
2.10E-08,T
2.09E-08,T
2.16E-08,T
2.15E-08,T
2.11E-08,T
2.04E-08,T
2.12E-08,T
2.16E-08,T
2.12E-08,T
1.30E-08,T
1.32E-08,T
4.57E-09,T
1.27E-08,T
2.05E-08,T
2.04E-08,T
2.13E-08,T
2.14E-08,T
2.07E-08,T
2.89E-08,T
3.70E-08,T
2.93E-08,T
2.18E-08,T
2.27E-08,T
2.21E-08,T
1.33E-08,T
1.33E-08,T
1.38E-08,T
1.36E-08,T
2.14E-08,T
1.38E-08,T
6.31E-09,T
1.43E-08,T
1.41E-08,T
2.17E-08,T
2.17E-08,T
2.25E-08,T
2.17E-08,T
4.89E-09,T
2.10E-08,T
2.92E-08,T
2.93E-08,T
2.89E-08,T
1.31E-08,T
5.72E-09,T
1.31E-08,T
3.72E-08,T
1.40E-08,T
1.39E-08,T
-3.12E-09,T
5.28E-09,T
5.02E-09,T
4.98E-09,T
5.09E-09,T
-3.49E-09,T
-3.95E-09,T
-1.17E-08,T
1.28E-08,T
1.28E-08,T
4.71E-09,T
-3.86E-09,T
4.45E-09,T
-1.18E-08,T
4.78E-09,T
1.31E-08,T
4.05E-09,T
3.63E-09,T
-4.37E-09,T
-3.90E-09,T
4.30E-09,T
-3.39E-09,T
4.58E-09,T
5.04E-09,T
4.56E-09,T
-3.19E-09,T
-4.00E-09,T
3.55E-09,T
4.18E-09,T
3.55E-09,T
4.58E-09,T
-2.53E-09,T
-3.11E-09,T
-3.55E-09,T
-3.61E-09,T
-1.93E-08,T
-1.13E-08,T
-3.46E-09,T
-3.47E-09,T
-3.24E-09,T
-1.10E-08,T
5.29E-09,T
1.28E-08,T
1.27E-08,T
5.20E-09,T
-3.12E-09,T
1.24E-08,T
4.37E-09,T
-3.51E-09,T
5.08E-09,T
1.30E-08,T
1.32E-08,T
1.29E-08,T
2.12E-08,T
2.17E-08,T
2.08E-08,T
5.14E-09,T
1.39E-08,T
1.44E-08,T
1.45E-08,T
1.38E-08,T
6.49E-09,T
7.02E-09,T
6.60E-09,T
1.42E-08,T
1.46E-08,T
-1.26E-09,T
7.87E-09,T
-3.35E-10,T
-2.89E-10,T
7.75E-09,T
1.59E-08,T
1.63E-08,T
9.05E-09,T
8.56E-09,T
1.10E-09,T
1.46E-09,T
1.47E-09,T
1.73E-08,T
2.58E-08,T
1.26E-09,T
1.73E-08,T
2.46E-08,T
1.70E-08,T
9.04E-09,T
9.68E-09,T
9.20E-09,T
1.10E-09,T
8.16E-09,T
7.70E-09,T
-1.07E-11,T
8.19E-09,T
2.45E-08,T
4.80E-10,T
8.07E-09,T
2.88E-10,T
2.67E-10,T
-7.20E-09,T
1.50E-09,T
1.29E-09,T
9.30E-09,T
1.72E-08,T
9.91E-09,T
1.84E-08,T
1.90E-08,T
-4.57E-09,T
1.17E-08,T
1.98E-08,T
1.97E-08,T
1.83E-08,T
9.94E-09,T
1.77E-08,T
1.82E-08,T
1.81E-08,T
2.21E-09,T
-5.21E-09,T
3.20E-09,T
2.87E-09,T
9.77E-09,T
2.23E-09,T
2.80E-09,T
-5.05E-09,T
-1.35E-08,T
-1.37E-08,T
-2.24E-08,T
-2.23E-08,T
-1.44E-08,T
-5.78E-09,T
-1.40E-08,T
1.70E-09,T
-6.23E-09,T
-5.87E-09,T
1.95E-09,T
-5.90E-09,T
-1.42E-08,T
-2.17E-08,T
-1.42E-08,T
-1.42E-08,T
-2.17E-08,T
-2.07E-08,T
-2.11E-08,T
-2.97E-08,T
-2.98E-08,T
-3.00E-08,T
-3.00E-08,T
-2.98E-08,T
-2.93E-08,T
-2.92E-08,T
-3.78E-08,T
-2.21E-08,T
-2.96E-08,T
-2.91E-08,T
-2.10E-08,T
-2.88E-08,T
-2.95E-08,T
-2.90E-08,T
-2.84E-08,T
-2.88E-08,T
-2.92E-08,T
-2.95E-08,T
-3.70E-08,T
-2.92E-08,T
-2.09E-08,T
-1.31E-08,T
-2.05E-08,T
-2.89E-08,T
-2.90E-08,T
-2.95E-08,T
-2.97E-08,T
-2.94E-08,T
-2.95E-08,T
-2.97E-08,T
-2.96E-08,T
-2.96E-08,T
-2.99E-08,T
-2.94E-08,T
-2.90E-08,T
-2.89E-08,T
-2.88E-08,T
-2.85E-08,T
-2.78E-08,T
-3.66E-08,T
-2.89E-08,T
-2.89E-08,T
-2.93E-08,T
-4.54E-08,T
-3.79E-08,T
-4.55E-08,T
-3.68E-08,T
-2.78E-08,T
-3.61E-08,T
-4.49E-08,T
-4.47E-08,T
-3.63E-08,T
-3.61E-08,T
-2.07E-08,T
-2.84E-08,T
-4.48E-08,T
-4.47E-08,T
-4.34E-08,T
-1.12E-08,T
-1.96E-08,T
-1.91E-08,T
-2.79E-08,T
-1.94E-08,T
-1.11E-08,T
-1.05E-08,T
-3.13E-09,T
-2.68E-08,T
-1.08E-08,T
-1.89E-08,T
-2.63E-09,T
-2.71E-09,T
5.67E-09,T
-1.89E-08,T
-1.90E-08,T
-9.58E-09,T
-1.54E-09,T
-2.04E-09,T
-2.21E-09,T
5.48E-09,T
-2.49E-09,T
-9.78E-09,T
-2.66E-08,T
-1.82E-08,T
-1.10E-08,T
-3.42E-08,T
-2.62E-08,T
-1.84E-08,T
-9.98E-09,T
-1.12E-08,T
-1.94E-08,T
-1.05E-08,T
-9.80E-09,T
-1.81E-09,T
-2.29E-09,T
-2.91E-09,T
-1.10E-08,T
-3.53E-08,T
-1.11E-08,T
-1.94E-08,T
-1.97E-08,T
-1.10E-08,T
-2.68E-08,T
-1.85E-08,T
-1.80E-08,T
-1.77E-08,T
-1.79E-08,T
-1.80E-08,T
-1.77E-08,T
-1.74E-08,T
-3.42E-08,T
-3.41E-08,T
-3.42E-08,T
-2.62E-08,T
-3.32E-08,T
-3.31E-08,T
-4.10E-08,T
-2.48E-08,T
-1.73E-08,T
-2.48E-08,T
-2.55E-08,T
-1.88E-08,T
-1.06E-08,T
-2.57E-08,T
-9.82E-09,T
-2.61E-08,T
-1.86E-08,T
-1.03E-08,T
-9.18E-09,T
-9.07E-09,T
-1.63E-09,T
-1.62E-09,T
1.43E-08,T
-1.90E-09,T
-2.41E-09,T
1.41E-08,T
-2.78E-09,T
-3.54E-08,T
-4.31E-08,T
-1.84E-08,T
-1.85E-08,T
-1.86E-08,T
-1.87E-08,T
-2.63E-08,T
-1.83E-08,T
-3.42E-08,T
-2.67E-08,T
-3.39E-08,T
-2.58E-08,T
-2.59E-08,T
-1.00E-08,T
-2.65E-08,T
-1.82E-08,T
-2.66E-08,T
-9.74E-09,T
-1.71E-08,T
-1.93E-09,T
-1.80E-08,T
-1.70E-08,T
-1.73E-08,T
-2.58E-08,T
-1.78E-08,T
-2.64E-08,T
-2.67E-08,T
-1.13E-08,T
-1.99E-08,T
-2.67E-08,T
-2.64E-08,T
-2.51E-08,T
-1.15E-09,T
-8.71E-09,T
-1.75E-08,T
-9.04E-09,T
-9.47E-09,T
-1.85E-08,T
-1.10E-08,T
-2.58E-09,T
-2.34E-09,T
-2.41E-09,T
-2.04E-09,T
5.62E-09,T
1.43E-08,T
1.42E-08,T
-1.22E-09,T
7.00E-09,T
6.78E-09,T
1.46E-08,T
2.24E-08,T
6.85E-09,T
2.19E-08,T
2.15E-08,T
-2.13E-09,T
1.43E-08,T
1.48E-08,T
1.48E-08,T
2.25E-08,T
1.40E-08,T
1.39E-08,T
2.12E-08,T
1.35E-08,T
2.22E-08,T
2.22E-08,T
3.04E-08,T
2.26E-08,T
2.25E-08,T
3.02E-08,T
2.96E-08,T
2.95E-08,T
3.75E-08,T
3.79E-08,T
2.91E-08,T
2.95E-08,T
2.90E-08,T
2.93E-08,T
2.91E-08,T
2.89E-08,T
2.95E-08,T
2.93E-08,T
2.88E-08,T
4.43E-08,T
3.70E-08,T
2.87E-08,T
2.85E-08,T
3.59E-08,T
3.64E-08,T
2.85E-08,T
2.87E-08,T
2.94E-08,T
2.92E-08,T
2.11E-08,T
2.12E-08,T
2.89E-08,T
3.65E-08,T
3.62E-08,T
3.58E-08,T
2.84E-08,T
4.43E-08,T
4.39E-08,T
4.39E-08,T
4.33E-08,T
4.43E-08,T
3.63E-08,T
3.58E-08,T
3.60E-08,T
4.44E-08,T
4.45E-08,T
5.15E-08,T
5.18E-08,T
4.31E-08,T
4.31E-08,T
5.17E-08,T
4.37E-08,T
2.74E-08,T
3.51E-08,T
1.91E-08,T
3.50E-08,T
3.55E-08,T
4.38E-08,T
4.22E-08,T
3.46E-08,T
4.28E-08,T
2.65E-08,T
4.33E-08,T
3.50E-08,T
2.68E-08,T
3.50E-08,T
1.20E-08,T
3.46E-08,T
1.87E-08,T
2.71E-08,T
1.90E-08,T
1.87E-08,T
2.86E-08,G
5.28E-09,G
2.12E-08,G
1.34E-08,G
-2.96E-09,G
5.05E-09,G
1.26E-08,G
2.17E-08,G
1.33E-08,G
2.07E-08,G
1.31E-08,G
1.36E-08,G
1.39E-08,G
1.47E-08,G
6.17E-09,G
1.39E-08,G
1.33E-08,G
1.35E-08,G
1.39E-08,G
5.53E-09,G
5.25E-09,G
5.99E-09,G
5.34E-09,G
3.05E-08,G
1.42E-08,G
1.37E-08,G
1.44E-08,G
2.15E-08,G
2.20E-08,G
2.22E-08,G
2.16E-08,G
2.15E-08,G
2.23E-08,G
-1.93E-09,G
5.19E-09,G
5.46E-09,G
2.03E-08,G
1.27E-08,G
1.30E-08,G
1.37E-08,G
2.08E-08,G
5.94E-09,G
2.15E-08,G
1.42E-08,G
2.20E-08,G
6.14E-09,G
1.40E-08,G
5.67E-09,G
6.00E-09,G
6.97E-09,G
7.24E-09,G
7.41E-09,G
7.35E-09,G
7.67E-09,G
-2.89E-10,G
7.10E-09,G
6.27E-09,G
5.94E-09,G
5.83E-09,G
-1.72E-09,G
-1.84E-09,G
-2.04E-09,G
-1.02E-09,G
-6.21E-10,G
-1.07E-09,G
-1.42E-09,G
-1.29E-09,G
2.27E-08,G
2.27E-08,G
-9.63E-10,G
6.97E-09,G
6.37E-09,G
5.51E-09,G
5.35E-09,G
1.37E-08,G
3.05E-08,G
3.08E-08,G
3.13E-08,G
3.08E-08,G
1.53E-08,G
2.36E-08,G
2.29E-08,G
2.35E-08,G
7.68E-09,G
6.92E-09,G
6.08E-09,G
6.31E-09,G
1.48E-08,G
6.74E-09,G
6.67E-09,G
7.24E-09,G
6.97E-09,G
1.44E-08,G
6.58E-09,G
6.40E-09,G
6.40E-09,G
6.60E-09,G
5.82E-09,G
5.68E-09,G
4.93E-09,G
5.12E-09,G
5.44E-09,G
4.93E-09,G
1.34E-08,G
5.10E-09,G
5.06E-09,G
1.48E-08,G
6.56E-09,G
-1.50E-09,G
7.09E-09,G
1.54E-08,G
1.54E-08,G
3.12E-08,G
1.55E-08,G
2.28E-08,G
2.29E-08,G
6.80E-09,G
6.60E-09,G
1.50E-08,G
1.49E-08,G
-1.76E-09,G
1.34E-08,G
-1.52E-09,G
-1.02E-08,G
-1.44E-09,G
-1.85E-09,G
-5.71E-10,G
1.58E-08,G
1.58E-08,G
7.85E-09,G
1.57E-08,G
1.57E-08,G
7.23E-09,G
6.91E-09,G
7.12E-09,G
6.38E-09,G
6.21E-09,G
6.43E-09,G
7.45E-09,G
6.91E-09,G
7.02E-09,G
-1.05E-09,G
1.48E-08,G
-1.61E-09,G
6.84E-09,G
1.50E-08,G
2.28E-08,G
2.29E-08,G
2.24E-08,G
1.45E-08,G
5.97E-09,G
5.40E-09,G
1.41E-08,G
1.40E-08,G
2.11E-08,G
5.36E-09,G
1.41E-08,G
1.36E-08,G
2.15E-08,G
2.06E-08,G
2.22E-08,G
1.46E-08,G
3.01E-08,G
1.37E-08,G
2.17E-08,G
2.14E-08,G
2.18E-08,G
1.39E-08,G
1.32E-08,G
2.09E-08,G
2.10E-08,G
2.09E-08,G
1.31E-08,G
2.05E-08,G
2.00E-08,G
1.26E-08,G
4.08E-09,G
4.62E-09,G
4.59E-09,G
1.24E-08,G
1.20E-08,G
2.02E-08,G
2.04E-08,G
1.95E-08,G
2.05E-08,G
1.96E-08,G
2.76E-08,G
2.84E-08,G
2.03E-08,G
4.22E-09,G
2.04E-08,G
2.93E-08,G
1.33E-08,G
2.11E-08,G
2.03E-08,G
2.07E-08,G
2.08E-08,G
2.91E-08,G
2.14E-08,G
2.09E-08,G
1.27E-08,G
2.76E-08,G
1.94E-08,G
2.82E-08,G
2.86E-08,G
2.07E-08,G
2.86E-08,G
1.18E-08,G
1.27E-08,G
1.32E-08,G
1.26E-08,G
1.22E-08,G
2.04E-08,G
1.98E-08,G
2.06E-08,G
1.16E-08,G
1.17E-08,G
1.18E-08,G
1.22E-08,G
1.23E-08,G
1.25E-08,G
1.23E-08,G
1.27E-08,G
1.21E-08,G
1.25E-08,G
1.24E-08,G
1.24E-08,G
1.33E-08,G
1.28E-08,G
1.21E-08,G
1.26E-08,G
2.10E-08,G
1.20E-08,G
1.95E-08,G
2.06E-08,G
1.28E-08,G
1.33E-08,G
2.13E-08,G
1.36E-08,G
1.29E-08,G
5.14E-09,G
4.76E-09,G
4.60E-09,G
1.27E-08,G
4.73E-09,G
1.21E-08,G
1.25E-08,G
4.89E-09,G
4.60E-09,G
1.15E-08,G
3.75E-09,G
3.62E-09,G
4.90E-09,G
3.77E-09,G
1.95E-08,G
1.99E-08,G
1.98E-08,G
1.21E-08,G
4.35E-09,G
1.25E-08,G
2.09E-08,G
2.07E-08,G
1.16E-08,G
2.68E-08,G
1.91E-08,G
1.95E-08,G
1.11E-08,G
3.03E-09,G
1.95E-08,G
1.97E-08,G
1.16E-08,G
1.23E-08,G
1.25E-08,G
1.22E-08,G
4.05E-09,G
-4.11E-09,G
3.68E-09,G
-5.02E-09,G
-4.38E-09,G
-4.93E-09,G
-4.93E-09,G
3.16E-09,G
-4.21E-09,G
3.35E-09,G
1.11E-08,G
1.18E-08,G
1.16E-08,G
1.21E-08,G
3.36E-09,G
1.11E-08,G
1.08E-08,G
-1.29E-08,G
-1.26E-08,G
1.11E-08,G
3.21E-09,G
2.66E-09,G
3.02E-09,G
3.60E-09,G
-1.23E-08,G
3.97E-09,G
3.58E-09,G
-4.77E-09,G
2.95E-09,G
1.58E-09,G
1.03E-08,G
2.66E-09,G
9.73E-09,G
-6.43E-09,G
2.30E-09,G
-1.35E-08,G
-5.65E-09,G
-6.00E-09,G
9.87E-09,G
1.02E-08,G
2.49E-09,G
2.28E-09,G
1.91E-08,G
2.72E-09,G
2.06E-09,G
2.29E-09,G
1.03E-08,G
1.13E-08,G
1.12E-08,G
1.17E-08,G
1.15E-08,G
2.01E-08,G
1.12E-08,G
1.08E-08,G
-5.85E-09,G
1.83E-08,G
1.09E-08,G
1.04E-08,G
-5.11E-09,G
-4.59E-09,G
3.25E-09,G
1.19E-08,G
1.18E-08,G
1.21E-08,G
1.10E-08,G
3.58E-09,G
-4.88E-09,G
-1.24E-08,G
-4.20E-09,G
4.32E-09,G
-3.47E-09,G
-4.13E-09,G
-4.20E-09,G
-4.84E-09,G
-1.22E-08,G
-4.12E-09,G
-3.46E-09,G
-3.50E-09,G
-1.17E-08,G
-1.15E-08,G
-1.02E-08,G
4.83E-09,G
-1.98E-08,G
-1.10E-08,G
-1.14E-08,G
-1.91E-08,G
-1.99E-08,G
-1.22E-08,G
-1.26E-08,G
-1.21E-08,G
-2.01E-08,G
-1.15E-08,G
-1.30E-08,G
-1.21E-08,G
-1.16E-08,G
-3.89E-09,G
-3.80E-09,G
3.99E-09,G
-4.21E-09,G
-2.01E-08,G
-1.93E-08,G
-1.01E-08,G
-1.01E-08,G
-1.03E-08,G
-3.09E-09,G
-2.44E-09,G
-1.85E-08,G
-2.64E-08,G
-2.66E-08,G
-1.84E-08,G
-2.62E-08,G
-1.85E-08,G
-2.66E-08,G
-3.19E-09,G
-1.07E-08,G
5.41E-09,G
-2.12E-09,G
-1.06E-08,G
5.23E-09,G
-2.96E-09,G
-1.06E-08,G
-1.07E-08,G
-1.06E-08,G
-3.18E-09,G
-2.59E-09,G
-2.83E-09,G
-9.70E-09,G
-1.68E-08,G
-2.46E-08,G
-1.68E-08,G
-8.53E-09,G
-1.82E-09,G
-1.75E-08,G
-3.38E-10,G
-1.66E-08,G
-9.14E-09,G
-1.02E-09,G
-2.63E-10,G
-8.24E-09,G
-8.22E-09,G
-8.11E-09,G
7.37E-10,G
7.14E-10,G
6.17E-10,G
6.54E-11,G
6.27E-10,G
-7.39E-09,G
7.26E-10,G
-6.84E-09,G
-6.93E-09,G
-7.12E-09,G
-7.29E-09,G
-8.09E-09,G
-1.67E-08,G
-8.22E-09,G
-7.99E-09,G
-1.58E-08,G
-3.18E-08,G
-1.52E-08,G
-1.49E-08,G
-1.48E-08,G
-7.02E-09,G
-7.06E-09,G
-1.55E-08,G
-2.36E-08,G
-2.32E-08,G
-2.30E-08,G
-7.47E-09,G
-2.31E-08,G
-2.37E-08,G
-1.58E-08,G
-1.48E-08,G
-2.31E-08,G
-1.45E-08,G
-6.72E-09,G
-1.50E-08,G
-6.94E-09,G
-1.53E-08,G
-1.49E-08,G
-5.57E-09,G
-1.25E-08,G
-2.01E-08,G
-2.02E-08,G
-1.25E-08,G
-4.43E-09,G
-4.26E-09,G
-1.29E-08,G
-1.27E-08,G
-4.30E-09,G
-2.02E-08,G
-1.26E-08,G
-1.26E-08,G
-4.62E-09,G
-4.21E-09,G
-2.11E-08,G
-2.14E-08,G
-1.40E-08,G
-2.23E-08,G
-2.18E-08,G
-2.20E-08,G
-2.23E-08,G
1.08E-08,C
2.70E-08,C
1.91E-08,C
1.81E-08,C
1.06E-08,C
1.91E-08,C
2.75E-08,C
1.20E-08,C
3.73E-09,C
2.74E-09,C
1.93E-08,C
1.19E-08,C
4.25E-09,C
3.55E-08,C
2.82E-08,C
2.05E-08,C
1.19E-08,C
1.27E-08,C
2.05E-08,C
1.96E-08,C
1.99E-08,C
1.13E-08,C
1.12E-08,C
3.67E-09,C
-3.92E-09,C
2.89E-08,C
5.20E-09,C
2.03E-08,C
1.27E-08,C
3.83E-09,C
2.80E-08,C
1.19E-08,C
1.94E-08,C
1.12E-08,C
1.07E-08,C
1.05E-08,C
1.08E-08,C
1.07E-08,C
2.68E-08,C
2.68E-08,C
2.65E-08,C
1.85E-08,C
2.59E-08,C
3.35E-08,C
3.33E-08,C
2.51E-08,C
1.78E-08,C
3.40E-08,C
3.45E-08,C
2.73E-08,C
1.10E-08,C
2.58E-08,C
9.98E-09,C
3.40E-08,C
1.79E-08,C
1.76E-08,C
1.70E-08,C
1.67E-08,C
1.71E-08,C
1.67E-08,C
-2.46E-10,C
1.63E-08,C
8.74E-09,C
-2.01E-10,C
8.56E-09,C
3.29E-08,C
3.30E-08,C
2.40E-08,C
3.20E-08,C
2.44E-08,C
2.48E-08,C
3.27E-08,C
2.36E-08,C
3.21E-08,C
2.46E-08,C
2.40E-08,C
1.59E-08,C
1.20E-10,C
-7.86E-09,C
-1.59E-08,C
-1.64E-10,C
-7.34E-12,C
-8.41E-09,C
-6.27E-10,C
-1.62E-08,C
7.91E-09,C
1.49E-08,C
1.52E-08,C
2.35E-08,C
1.53E-08,C
2.33E-08,C
2.31E-08,C
1.54E-08,C
1.56E-08,C
7.17E-09,C
1.45E-08,C
6.02E-09,C
-1.80E-09,C
6.31E-09,C
1.52E-08,C
7.25E-09,C
1.52E-08,C
2.38E-08,C
1.58E-08,C
7.14E-09,C
7.02E-09,C
7.61E-09,C
-8.81E-09,C
-8.07E-09,C
-1.63E-08,C
-8.03E-09,C
-1.09E-10,C
-8.30E-09,C
-8.43E-09,C
-1.69E-08,C
-2.45E-08,C
-8.92E-09,C
-1.68E-08,C
-2.40E-08,C
-1.64E-10,C
-9.00E-09,C
-8.53E-10,C
-1.34E-09,C
-9.42E-09,C
-1.15E-10,C
-1.88E-11,C
-7.99E-09,C
3.87E-10,C
2.87E-10,C
8.65E-09,C
4.05E-11,C
-3.74E-11,C
-7.63E-09,C
-7.21E-09,C
-6.44E-09,C
-6.57E-09,C
-6.60E-09,C
-1.50E-08,C
-1.45E-08,C
-2.27E-08,C
-1.42E-08,C
-1.49E-08,C
-2.24E-08,C
-1.38E-08,C
-6.31E-09,C
-2.19E-08,C
-2.16E-08,C
-2.07E-08,C
-1.37E-08,C
-1.37E-08,C
-2.91E-08,C
-2.14E-08,C
-5.63E-09,C
2.69E-09,C
-2.13E-08,C
-5.40E-09,C
-5.12E-09,C
-5.16E-09,C
-1.40E-08,C
-1.37E-08,C
-1.38E-08,C
-2.99E-08,C
-2.95E-08,C
-1.36E-08,C
-1.29E-08,C
-2.15E-08,C
-1.31E-08,C
-2.88E-08,C
-2.15E-08,C
-1.34E-08,C
-4.88E-09,C
-1.19E-08,C
-1.97E-08,C
-1.18E-08,C
-1.95E-08,C
-1.95E-08,C
-1.96E-08,C
-1.92E-08,C
-1.93E-08,C
-1.13E-08,C
-3.11E-09,C
4.62E-09,C
5.14E-09,C
4.49E-09,C
4.90E-09,C
4.14E-09,C
-3.28E-09,C
4.67E-09,C
-2.98E-09,C
1.37E-08,C
5.04E-09,C
1.26E-08,C
1.36E-08,C
1.33E-08,C
2.94E-08,C
1.36E-08,C
1.30E-08,C
1.30E-08,C
5.31E-09,C
5.53E-09,C
1.34E-08,C
1.36E-08,C
1.35E-08,C
-2.59E-09,C
1.37E-08,C
-2.80E-09,C
-1.06E-08,C
-3.26E-09,C
5.21E-09,C
2.13E-08,C
1.36E-08,C
2.85E-08,C
2.06E-08,C
5.33E-09,C
-3.37E-09,C
4.53E-09,C
4.37E-09,C
1.20E-08,C
3.98E-09,C
-3.50E-09,C
-1.19E-08,C
4.73E-09,C
-3.02E-09,C
1.29E-08,C
2.05E-08,C
1.20E-08,C
1.10E-08,C
-3.99E-09,C
1.19E-08,C
1.25E-08,C
-3.35E-09,C
4.52E-09,C
1.32E-08,C
1.33E-08,C
2.97E-08,C
4.63E-08,C
2.23E-08,C
-1.38E-09,C
1.55E-08,C
6.90E-09,C
1.57E-08,C
1.54E-08,C
1.53E-08,C
1.54E-08,C
3.18E-08,C
7.60E-09,C
1.56E-08,C
7.09E-09,C
6.55E-09,C
6.37E-09,C
6.95E-09,C
2.32E-08,C
2.26E-08,C
1.60E-08,C
2.36E-08,C
1.57E-08,C
2.35E-08,C
1.60E-08,C
1.51E-08,C
7.17E-09,C
8.43E-09,C
8.20E-09,C
8.02E-09,C
-5.87E-10,C
7.70E-09,C
-4.58E-10,C
7.80E-09,C
1.61E-08,C
-5.80E-10,C
-1.04E-09,C
6.85E-09,C
-1.55E-09,C
-3.83E-10,C
-8.05E-09,C
7.70E-09,C
-1.42E-10,C
-5.70E-10,C
2.40E-08,C
1.62E-08,C
2.48E-08,C
2.57E-08,C
2.52E-08,C
2.48E-08,C
1.64E-08,C
2.48E-08,C
8.11E-09,C
8.06E-10,C
6.16E-10,C
1.50E-09,C
1.51E-09,C
-6.06E-09,C
-5.90E-09,C
9.81E-09,C
1.79E-08,C
1.01E-08,C
-5.04E-09,C
1.86E-08,C
1.05E-08,C
1.01E-08,C
9.88E-09,C
1.82E-09,C
2.79E-09,C
2.81E-09,C
-1.37E-08,C
-1.34E-08,C
-1.29E-08,C
-5.79E-09,C
1.07E-08,C
1.03E-08,C
4.26E-08,C
3.48E-08,C
3.45E-08,C
3.46E-08,C
2.63E-08,C
1.09E-08,C
1.88E-08,C
1.07E-08,C
3.31E-09,C
1.89E-08,C
2.96E-09,C
3.78E-09,C
-4.60E-09,C
3.37E-09,C
1.13E-08,C
1.89E-08,C
1.91E-08,C
1.88E-08,C
1.05E-08,C
1.78E-08,C
1.91E-09,C
2.11E-09,C
1.86E-08,C
3.44E-08,C
2.64E-08,C
1.76E-08,C
9.95E-09,C
1.78E-08,C
1.76E-08,C
2.55E-08,C
1.76E-08,C
1.74E-08,C
1.84E-08,C
3.39E-08,C
9.43E-09,C
9.86E-09,C
2.55E-08,C
1.73E-08,C
-7.52E-09,C
1.69E-08,C
8.54E-10,C
3.27E-08,C
1.69E-08,C
-6.88E-09,C
-7.28E-09,C
8.27E-09,C
7.68E-09,C
7.90E-09,C
8.08E-09,C
2.52E-08,C
1.74E-08,C
9.35E-09,C
1.74E-08,C
1.70E-08,C
1.72E-08,C
3.55E-10,C
-6.69E-11,C
-7.75E-09,C
7.77E-09,C
8.20E-09,C
2.38E-12,C
-8.14E-09,C
-1.29E-09,C
6.63E-09,C
-6.81E-10,C
7.17E-09,C
-1.59E-09,C
-9.32E-09,C
6.25E-09,C
-2.17E-09,C
-2.35E-09,C
-2.68E-09,C
-2.74E-09,C
-2.93E-09,C
5.52E-09,C
-2.65E-09,C
-1.10E-08,C
-1.13E-08,C
-1.12E-08,C
-1.91E-08,C
-3.39E-09,C
-1.12E-08,C
-1.03E-08,C
-1.97E-08,C
-2.01E-08,C
-1.96E-08,C
-1.09E-08,C
-1.95E-08,C
-1.97E-08,C
-1.99E-08,C
-1.28E-08,C
-1.20E-08,C
-4.02E-09,C
-1.17E-08,C
-1.93E-08,C
-1.17E-08,C
-3.77E-09,C
-4.07E-09,C
4.49E-09,C
4.25E-09,C
-3.37E-09,C
-1.17E-08,C
-1.95E-08,C
-3.82E-09,C
1.21E-08,C
2.10E-08,C
5.09E-09,C
5.44E-09,C
-2.69E-09,C
5.48E-09,C
-3.42E-09,C
4.70E-09,C
4.50E-09,C
2.02E-08,C
-4.00E-09,C
4.56E-09,C
-2.79E-09,C
-2.31E-09,C
5.14E-09,C
-2.73E-09,C
-1.07E-08,C
5.04E-09,C
4.56E-09,C
-1.17E-08,C
-1.90E-08,C
-2.70E-08,C
-4.42E-08,C
-2.05E-08,C
3.46E-09,C
-5.35E-09,C
-4.71E-09,C
-2.10E-08,C
-1.30E-08,C
-1.26E-08,C
-1.20E-08,C
-3.65E-08,C
-2.14E-08,C
-3.01E-08,C
-1.42E-08,C
-6.00E-09,C
-5.86E-09,C
-1.46E-08,C
-2.16E-08,C
-1.40E-08,C
-2.24E-08,C
-2.22E-08,C
-1.45E-08,C
-2.24E-08,C
-2.24E-08,C
-3.77E-08,C
-2.12E-08,C
-2.09E-08,C
-2.08E-08,C
-4.57E-09,C
-1.20E-08,C
-4.33E-09,C
-4.04E-09,C
3.63E-09,C
-4.15E-09,C
4.21E-09,C
-3.15E-09,C
-3.13E-09,C
-2.98E-09,C
-3.61E-09,C
1.22E-08,C
1.22E-08,C
