Current,Target
2.84e-08,A
1.91e-08,A
1.82e-08,A
1.7e-08,A
4.11e-08,A
2.49e-08,A
8.31e-09,A
8.23e-09,A
7.89e-09,A
2.36e-08,A
3.11e-08,A
3.81e-08,A
2.12e-08,A
1.36e-08,A
1.36e-08,A
2.15e-08,A
1.28e-08,A
1.21e-08,A
3.86e-09,A
1.94e-08,A
1.94e-08,A
4.03e-09,A
2.06e-08,A
1.22e-08,A
1.92e-08,A
1.97e-08,A
2.74e-08,A
2.62e-08,A
2.58e-08,A
9.33e-09,A
8.22e-09,A
9.15e-10,A
2.43e-08,A
2.4e-08,A
1.56e-08,A
-9.04e-10,A
6.68e-09,A
6.35e-09,A
2.22e-08,A
-1.69e-09,A
-1.01e-08,A
-9.61e-09,A
7e-09,A
6.59e-09,A
-9.51e-09,A
5.81e-09,A
5.6e-09,A
5.63e-09,A
3.74e-08,A
1.31e-08,A
1.18e-08,A
3.69e-09,A
-4.02e-09,A
-4.05e-09,A
3.17e-09,A
3.03e-09,A
-1.34e-08,A
-5.07e-09,A
1.04e-08,A
-1.47e-08,A
-1.49e-08,A
9.44e-10,A
2.95e-10,A
7.81e-10,A
-1.6e-08,A
-8.64e-09,A
-1.09e-09,A
-9.48e-09,A
-9.97e-09,A
-1.9e-08,A
-3.81e-09,A
-1.92e-08,A
-3.54e-09,A
-1.15e-08,A
4.91e-09,A
-3.57e-09,A
-3.85e-09,A
-4.5e-09,A
-3.92e-09,A
-1.28e-08,A
-2.09e-08,A
1.9e-08,A
-4.84e-09,A
-1.34e-08,A
1.83e-09,A
1.9e-09,A
1.78e-09,A
-6.17e-09,A
-1.45e-08,A
-1.47e-08,A
-3.12e-08,A
-1.55e-08,A
-2.43e-08,A
-2.37e-08,A
-5.79e-11,A
-8.92e-09,A
-1.68e-08,A
-1.74e-08,A
-3.37e-08,A
-1.74e-08,A
-2.62e-08,A
-2.69e-08,A
-2.71e-08,A
-1.97e-08,A
-4.82e-09,A
-2.03e-08,A
-2.78e-08,A
-4.48e-08,A
-2.16e-08,A
-2.19e-08,A
-2.09e-08,A
-2.1e-08,A
-2.86e-08,A
-3.67e-08,A
-2.89e-08,A
-1.98e-08,A
-1.91e-08,A
-2.82e-08,A
-2.06e-08,A
-3.69e-08,A
-2.09e-08,A
-2.97e-08,A
-3.77e-08,A
-4.57e-08,A
-3.76e-08,A
-3.06e-08,A
-3.86e-08,A
-3.01e-08,A
-2.17e-08,A
-4.64e-08,A
-2.3e-08,A
-3.11e-08,A
-3.07e-08,A
-5.47e-08,A
-5.46e-08,A
-4.7e-08,A
-4.74e-08,A
-3.88e-08,A
-3.87e-08,A
-2.24e-08,A
-1.51e-08,A
-3.85e-08,A
-3.82e-08,A
-3.84e-08,A
-6.27e-08,A
-7.85e-08,A
-7.88e-08,A
-8.69e-08,A
-8.63e-08,A
-7.02e-08,A
-5.53e-08,A
-5.56e-08,A
-4.74e-08,A
-4.71e-08,A
-7.2e-08,A
-8.04e-08,A
-4.83e-08,A
-6.42e-08,A
-6.43e-08,A
-6.42e-08,A
-8.08e-08,A
-9.65e-08,A
-8.88e-08,A
-7.25e-08,A
-8.04e-08,A
-8.09e-08,A
-8.99e-08,A
-5.76e-08,A
-8.95e-08,A
-8.14e-08,A
-8.18e-08,A
-7.37e-08,A
-8.2e-08,A
-7.41e-08,A
-7.34e-08,A
-7.25e-08,A
-1.04e-07,A
-8.84e-08,A
-8.11e-08,A
-6.56e-08,A
-6.47e-08,A
-7.34e-08,A
-7.34e-08,A
-9.77e-08,A
-9.69e-08,A
-8.09e-08,A
-7.4e-08,A
-7.39e-08,A
-7.37e-08,A
-7.39e-08,A
-5.86e-08,A
-8.25e-08,A
-9.9e-08,A
-9.06e-08,A
-9.91e-08,A
-9.09e-08,A
-9.12e-08,A
-9.06e-08,A
-1.06e-07,A
-9.79e-08,A
-9.76e-08,A
-8.25e-08,A
-8.26e-08,A
-8.94e-08,A
-9.73e-08,A
-8.13e-08,A
-8.23e-08,A
-7.46e-08,A
-7.48e-08,A
-9.92e-08,A
-9.89e-08,A
-9.14e-08,A
-9.92e-08,A
-8.3e-08,A
-9.07e-08,A
-7.53e-08,A
-6.78e-08,A
-6.75e-08,A
-5.91e-08,A
-6.68e-08,A
-6.66e-08,A
-5.21e-08,A
-7.7e-08,A
-6.91e-08,A
-8.45e-08,A
-6.83e-08,A
-8.49e-08,A
-8.42e-08,A
-5.18e-08,A
-7.55e-08,A
-7.45e-08,A
-5.14e-08,A
-6.75e-08,A
-5.11e-08,A
-4.31e-08,A
-3.46e-08,A
-5.07e-08,A
-6.63e-08,A
-8.98e-08,A
-5.83e-08,A
-5.94e-08,A
-5.25e-08,A
-7.68e-08,A
-5.17e-08,A
-4.37e-08,A
-5.97e-08,A
-6.76e-08,A
-6.84e-08,A
-1.01e-07,A
-8.43e-08,A
-7.61e-08,A
-5.97e-08,A
-5.16e-08,A
-6.75e-08,A
-5.93e-08,A
-4.42e-08,A
-4.43e-08,A
-5.19e-08,A
-9.96e-08,A
-5.12e-08,A
-4.33e-08,A
-6.73e-08,A
-4.36e-08,A
-5.99e-08,A
-5.16e-08,A
-5.95e-08,A
-7.58e-08,A
-5.22e-08,A
-5.93e-08,A
-5.88e-08,A
-7.46e-08,A
-6.72e-08,A
-8.22e-08,A
-5.84e-08,A
-8.31e-08,A
-8.3e-08,A
-7.5e-08,A
-7.42e-08,A
-5.91e-08,A
-5.18e-08,A
-4.44e-08,A
-7.64e-08,A
-5.25e-08,A
-4.36e-08,A
-6.73e-08,A
-6.02e-08,A
-7.64e-08,A
-5.99e-08,A
-4.43e-08,A
-5.24e-08,A
-4.53e-08,A
-6.19e-08,A
-4.55e-08,A
-5.37e-08,A
-7.75e-08,A
-6.14e-08,A
-6.97e-08,A
-5.29e-08,A
-5.38e-08,A
-5.49e-08,A
-6.19e-08,A
-3.78e-08,A
-5.3e-08,A
-6.11e-08,A
-6.03e-08,A
-4.54e-08,A
-5.32e-08,A
-4.51e-08,A
-4.55e-08,A
-4.55e-08,A
-3.75e-08,A
-3.8e-08,A
-3.88e-08,A
-2.19e-08,A
-3.01e-08,A
-4.7e-08,A
-4.77e-08,A
-3.94e-08,A
-3.9e-08,A
-3.15e-08,A
-4.75e-08,A
-3.87e-08,A
-3.13e-08,A
-2.35e-08,A
-3.22e-08,A
-3.92e-08,A
-2.34e-08,A
-3.18e-08,A
-3.22e-08,A
-7.56e-09,A
-1.59e-08,A
-2.38e-08,A
-1.56e-08,A
-1.54e-08,A
-1.6e-08,A
-1.6e-08,A
-7.66e-09,A
-2.36e-08,A
-3.19e-08,A
-4.85e-08,A
-4.09e-08,A
-1.71e-08,A
-2.48e-08,A
-5.67e-08,A
-3.26e-08,A
-4.87e-08,A
-4.03e-08,A
-3.98e-08,A
-3.23e-08,A
-3.24e-08,A
-4.01e-08,A
-4.91e-08,A
-5.75e-08,A
-6.55e-08,A
-2.5e-08,A
-4.03e-08,A
-4.01e-08,A
-4.06e-08,A
-1.72e-08,A
-4.1e-08,A
-1.7e-08,A
6.47e-09,A
1.49e-08,A
-8.56e-09,A
-8.51e-10,A
7.37e-09,A
7.25e-09,A
-9.34e-09,A
-1.59e-09,A
-1.09e-09,A
-1.01e-09,A
-1.59e-09,A
-8.3e-09,A
-8.11e-09,A
-9.19e-09,A
-9.53e-09,A
1.42e-08,A
-1.74e-08,A
-9.57e-09,A
-3.39e-08,A
-2.63e-08,A
-1.04e-08,A
-1.82e-08,A
-1.05e-08,A
-1.1e-08,A
-4.49e-09,A
-3.32e-09,A
4.64e-09,A
-1.26e-08,A
-4.76e-09,A
-2.01e-08,A
3.95e-09,A
-3.03e-09,A
3.86e-09,A
-2.73e-08,A
-1.18e-08,A
-1.92e-08,A
-2.02e-08,A
-4.52e-09,A
2.62e-09,A
-5.15e-09,A
-2.05e-08,A
-4.82e-09,A
3.08e-09,A
-1.31e-08,A
-4.75e-09,A
-4.39e-09,A
-2.03e-08,A
-1.98e-08,A
-1.92e-08,A
-1.1e-08,A
-1.86e-08,A
-1.86e-08,A
-2.69e-08,A
4.08e-09,A
-3.54e-08,A
-3.08e-09,A
-3.29e-09,A
-2.73e-08,A
-2.79e-08,A
-3.23e-09,A
-2.64e-08,A
-2.69e-08,A
-2.67e-08,A
-9.79e-09,A
-1.75e-08,A
-1.6e-09,A
-1.75e-08,A
-3.43e-08,A
-3.22e-09,A
3.47e-09,A
-2.86e-08,A
-2.01e-08,A
-2.77e-08,A
-2.79e-08,A
-1.97e-08,A
-1.98e-08,A
-4.25e-09,A
1.97e-08,A
-1.2e-08,A
-1.11e-08,A
-3.19e-09,A
5.22e-09,A
-4.37e-08,A
-1.19e-08,A
-2.87e-08,A
-3.62e-08,A
-2.8e-08,A
-1.96e-08,A
-1.95e-08,A
-1.97e-08,A
-2.78e-08,A
-2.84e-08,A
-2.08e-08,A
-3.72e-08,A
-2.86e-08,A
-5.21e-08,A
-6.07e-08,A
-3.64e-08,A
-6.01e-08,A
-6.83e-08,A
-6.84e-08,A
-6.9e-08,A
-4.52e-08,A
-3.71e-08,A
-4.45e-08,A
-3.64e-08,A
-4.42e-08,A
-3.71e-08,A
-5.3e-08,A
-2.91e-08,A
-2.03e-08,A
-1.24e-08,A
-3.62e-08,A
-1.24e-08,A
-1.23e-08,A
-2.84e-08,A
-1.23e-08,A
-3.6e-08,A
-1.94e-08,A
-1.97e-08,A
-2.79e-08,A
-2.81e-08,A
-2.96e-08,A
-3.75e-08,A
-3.73e-08,A
-1.33e-08,A
-2.06e-08,A
-2.87e-08,A
-4.57e-08,A
-3.71e-08,A
-2.8e-08,A
-3.56e-08,A
-1.99e-08,A
-1.23e-08,A
-3.63e-08,A
-2.02e-08,A
-2.73e-08,A
-1.13e-08,A
-3.5e-08,A
-1.23e-08,A
-3.67e-08,A
-2.92e-08,A
-1.27e-08,A
-4.5e-09,A
-1.29e-08,A
-6.1e-09,A
1.07e-08,A
-1.99e-08,A
-2.04e-08,A
-2.06e-08,A
-1.98e-08,A
-1.14e-08,A
-2.7e-08,A
-2.76e-08,A
-2.01e-08,A
-1.09e-08,A
-2.7e-08,A
-2.74e-08,A
-2.78e-08,A
-2.03e-08,A
-2.06e-08,A
-1.99e-08,A
-2.83e-08,A
-3.59e-08,A
-1.94e-08,A
-3.54e-08,A
-4.35e-08,A
-4.27e-08,A
-3.55e-08,A
-4.37e-08,A
-3.57e-08,A
-2.76e-08,A
-1.22e-08,A
-2.03e-08,A
-2.83e-08,A
-3.53e-08,A
-1.19e-08,A
-1.17e-08,A
3.84e-09,A
-1.93e-08,A
-2.78e-08,A
-2.05e-08,A
3.66e-09,A
-4.31e-09,A
-3.54e-09,A
-1.21e-08,A
4.09e-09,A
3.65e-09,A
3.8e-09,A
-1.15e-08,A
-3.39e-09,A
-2.82e-09,A
5.26e-09,A
-2.76e-08,A
3.61e-09,A
-2.07e-08,A
-2.05e-08,A
-3.65e-08,A
-2.1e-08,A
-3.66e-08,A
-2.87e-08,A
-2.84e-08,A
-2.1e-08,A
-2.12e-08,A
-3.7e-08,A
-2.91e-08,A
-4.4e-08,A
-5.25e-08,A
-3.66e-08,A
-2.81e-08,A
-4.35e-08,A
-3.59e-08,A
-4.46e-08,A
-5.98e-08,A
-6.02e-08,A
-6.01e-08,A
-4.39e-08,A
-2.77e-08,A
-4.29e-08,A
-4.33e-08,A
-5.12e-08,A
-5.08e-08,A
-5.92e-08,A
-2.67e-08,A
-3.35e-08,A
-3.41e-08,A
-5.82e-08,A
-3.38e-08,A
-3.38e-08,A
-3.4e-08,A
-5e-08,A
-3.4e-08,A
-4.97e-08,A
-1.79e-09,A
-4.13e-08,A
-3.44e-08,A
-2.65e-08,A
-4.26e-08,A
-3.36e-08,A
-1.82e-08,A
-9.59e-09,A
-3.4e-08,A
-2.69e-08,A
-3.44e-08,A
-4.98e-08,A
-3.39e-08,A
-1.8e-08,A
-1.87e-08,A
-3.47e-09,A
-3.56e-08,A
-2.74e-08,A
-1.15e-08,A
-1.14e-08,A
-4.35e-08,A
-1.15e-08,A
-6.63e-08,A
-7.41e-08,A
-5.1e-08,A
-5.88e-08,A
-5.96e-08,A
-4.36e-08,A
-3.47e-08,A
-5.07e-08,A
-3.57e-08,A
-5.17e-08,A
-5.15e-08,A
-2.78e-08,A
-3.54e-08,A
-5.91e-08,A
-5e-08,A
-4.19e-08,A
-4.12e-08,A
-3.43e-08,A
-5e-08,A
-4.2e-08,A
-2.58e-08,A
-3.36e-08,A
-4.18e-08,A
-2.56e-08,A
-4.09e-08,A
-4.04e-08,A
-4.92e-08,A
-2.53e-08,A
-5.75e-08,A
-4.11e-08,A
-2.56e-08,A
-4.19e-08,A
-2.58e-08,A
-3.35e-08,A
-3.4e-08,A
-4.22e-08,A
-5.01e-08,A
-5.83e-08,A
-2.62e-08,A
-5.01e-08,A
-1.79e-08,A
-1.77e-08,A
-9.56e-09,A
-2.6e-09,A
-1.05e-08,A
-1.86e-09,A
-2.54e-08,A
-3.28e-08,A
-2.48e-08,A
-1.75e-08,A
-1.74e-08,A
-9.44e-09,A
-1.7e-08,A
-1.76e-08,A
-1.69e-08,A
-1.01e-08,A
-1.84e-08,A
-1.02e-08,A
-1.78e-08,A
-1.02e-08,A
-2.54e-09,A
-1.95e-08,A
-3.19e-09,A
-1.05e-08,A
-9.68e-09,A
-1.73e-09,A
-1.74e-09,A
-1.06e-09,A
2.21e-08,A
6.08e-09,A
6.16e-09,A
-1.04e-08,A
-1.03e-08,A
2.33e-08,A
1.48e-08,A
5.57e-09,A
5.16e-09,A
-2.58e-09,A
-1.03e-08,A
-1.26e-09,A
6.24e-09,A
-1.07e-08,A
-2.08e-09,A
6.07e-09,A
-1.37e-09,A
7.35e-09,A
7.17e-09,A
-8.57e-09,A
-2.45e-08,A
-2.39e-08,A
-2.34e-08,A
-4.01e-08,A
-8.22e-09,A
-1.6e-08,A
-7.72e-09,A
-1.63e-08,A
-1.64e-08,A
-1.67e-08,A
-1.64e-08,A
-1.59e-08,A
-3.22e-08,A
-2.38e-08,A
-1.58e-08,A
-1.55e-08,A
1.15e-09,A
8.34e-10,A
3.9e-10,A
4.07e-11,A
1.57e-08,A
7.23e-09,A
-9.21e-10,A
7.11e-09,A
6.63e-09,A
-9.31e-09,A
7.3e-09,A
7.09e-09,A
-5.9e-10,A
-8.4e-09,A
-7.89e-09,A
5.47e-10,A
6.97e-09,A
7.56e-09,A
-1.64e-08,A
-1.11e-11,A
-4.19e-10,A
-6.9e-10,A
8.29e-09,A
-6.51e-10,A
-8.77e-09,A
6.07e-09,A
-1.74e-09,A
-9.52e-09,A
-8.94e-09,A
-1.78e-08,A
6.47e-09,A
-1.22e-09,A
6.32e-09,A
-1.03e-08,A
5.47e-09,A
-9.93e-09,A
6.01e-09,A
1.41e-08,A
2.29e-08,A
1.55e-08,A
1.48e-08,A
-9.84e-09,A
-1.02e-08,A
-2.53e-09,A
-2.41e-09,A
1.38e-08,A
5.89e-09,A
5.92e-09,A
2.2e-08,A
5.38e-09,A
-3.17e-09,A
-4.04e-09,A
2.8e-08,A
2.76e-08,A
2.09e-08,A
4.5e-08,A
2.9e-08,A
3.64e-08,A
1.27e-08,A
4.49e-08,A
2.88e-08,A
1.25e-08,A
2.85e-08,A
3.68e-08,A
2.03e-08,A
3.67e-09,A
3.9e-09,A
3.84e-09,A
1.22e-08,A
4.15e-09,A
2e-08,A
2.77e-08,A
1.15e-08,A
2.74e-08,A
1.11e-08,A
2.72e-08,A
4.41e-08,A
2e-08,A
2.78e-08,A
1.09e-08,A
3.23e-09,A
-6.38e-09,A
1.05e-08,A
1.07e-08,A
1.87e-08,A
2.58e-08,A
1.9e-08,A
-5.2e-09,A
3.32e-09,A
-5.42e-09,A
1.78e-08,A
1.8e-08,A
1.08e-08,A
1.08e-08,A
1.05e-08,A
-5.78e-09,A
1.71e-08,A
3.27e-08,A
8.98e-09,A
3.28e-08,A
3.3e-08,A
4.86e-08,A
4.8e-08,A
6.38e-08,A
4.03e-08,A
4.78e-08,A
3.93e-08,A
2.36e-08,A
7.36e-09,A
3.94e-08,A
3.9e-08,A
4.8e-08,A
3.1e-08,A
3.14e-08,A
3.98e-08,A
4.76e-08,A
1.49e-08,A
3.89e-08,A
2.28e-08,A
1.56e-08,A
3.11e-08,A
2.3e-08,A
3.01e-08,A
2.2e-08,A
3.06e-08,A
3.94e-08,A
1.51e-08,A
4.76e-08,A
3.15e-08,A
4.6e-08,A
4.64e-08,A
4.59e-08,A
4.62e-08,A
5.43e-08,A
2.25e-08,A
3.85e-08,A
3.88e-08,A
3.82e-08,A
3.76e-08,A
2.23e-08,A
3.8e-08,A
3.66e-08,A
4.51e-08,A
5.28e-08,A
4.57e-08,A
6.2e-08,A
5.41e-08,A
2.96e-08,A
2.15e-08,A
3.81e-08,A
2.92e-08,A
2.25e-08,A
1.43e-08,A
2.99e-08,A
2.17e-08,A
1.37e-08,A
2.24e-08,A
6.35e-09,A
5.47e-09,A
-1.1e-08,A
-3.17e-09,A
5.18e-09,A
-2.76e-09,A
1.29e-08,A
4.84e-09,A
5.27e-09,A
-1.05e-08,A
5.99e-09,A
-2.45e-09,A
-1.19e-08,A
-1.13e-08,A
5.4e-09,A
5.05e-09,A
-1.11e-08,A
2.91e-08,A
3.61e-08,A
2.02e-08,A
-3.85e-09,A
3.61e-09,A
-1.23e-08,A
-1.25e-08,A
-5.38e-09,A
3.33e-09,A
1.09e-08,A
1.08e-08,A
3.12e-09,A
1.08e-08,A
-1.35e-08,A
-2.22e-08,A
-1.4e-08,A
-3.1e-08,A
-7.21e-09,A
7.9e-10,A
2.84e-10,A
8.64e-09,A
7.68e-10,A
8.35e-09,A
7.96e-09,A
8.29e-09,A
-7.84e-09,A
-2.38e-08,A
-3.19e-08,A
-2.33e-08,A
-1.51e-08,A
-3.06e-08,A
-2.22e-08,A
1.98e-09,A
2.27e-09,A
-1.36e-08,A
-1.39e-08,A
-1.39e-08,A
-1.42e-08,A
-3.02e-08,A
-3.04e-08,A
-1.46e-08,A
-1.47e-08,A
-5.79e-09,A
-2.99e-08,A
1.12e-09,A
-3.02e-08,A
-6e-09,A
-5.8e-09,A
-1.41e-08,A
-5.33e-09,A
-5.32e-09,A
1.84e-08,A
1.03e-08,A
1.48e-09,A
-6.23e-09,A
2.36e-09,A
1.01e-08,A
1.76e-08,A
9.62e-09,A
-3.04e-08,A
-1.42e-08,A
-1.37e-08,A
1.09e-08,A
-1.31e-08,A
-5.92e-09,A
1.01e-08,A
2.91e-09,A
1.13e-08,A
1.93e-08,A
4.11e-09,A
1.14e-08,A
2.52e-09,A
2.89e-09,A
1.84e-08,A
1.83e-08,A
1.85e-08,A
3.33e-09,A
2.82e-08,A
-4.18e-09,A
4.16e-09,A
1.11e-08,A
3.98e-09,A
2.03e-08,A
4.61e-09,A
3.51e-09,A
3.2e-09,A
-5.16e-09,A
2.67e-09,A
1.83e-08,A
-5.55e-09,A
-2.1e-08,A
-5.31e-09,A
-1.38e-08,A
1.83e-08,A
1.98e-09,A
-1.43e-08,A
-1.44e-08,A
-1.38e-08,A
-1.42e-08,A
-5.63e-09,A
1.11e-08,A
2.29e-09,A
-1.41e-08,A
-6.16e-09,A
-2.22e-08,A
-5.78e-09,A
-2.16e-08,A
-1.31e-08,A
-1.26e-08,A
-1.24e-08,A
-2.14e-08,A
-1.27e-08,A
-2.09e-08,A
-4.64e-09,A
-2.15e-08,A
-2.04e-08,A
-1.2e-08,A
3.86e-09,A
-4.67e-09,A
-4.19e-09,A
3.83e-09,A
3.26e-09,A
1.16e-08,A
3.75e-09,A
1.27e-08,A
-3.04e-09,A
-1.94e-08,A
-2.81e-08,A
-2.73e-08,A
-3.45e-08,A
-1.91e-08,A
-1.99e-08,A
-2.51e-09,A
5.34e-09,A
2.13e-08,A
1.41e-08,A
-1.75e-09,A
-1.13e-08,A
-3.73e-09,A
-1.16e-08,A
-1.2e-08,A
-4.43e-08,A
-1.18e-08,A
-4.32e-08,A
-3.51e-08,A
-1.23e-08,A
-2.07e-08,A
-2.08e-08,A
-1.15e-08,A
-1.11e-08,A
-1.14e-08,A
-1.16e-08,A
-3.91e-09,A
-1.19e-08,A
-1.19e-08,A
-2.79e-08,A
-1.93e-08,A
-1.85e-08,A
-2.69e-08,A
-3.43e-08,A
-1.82e-08,A
-1.08e-08,A
-1.06e-08,A
-1.1e-08,A
-2.66e-08,A
4.78e-09,A
-1.84e-08,A
-1.04e-08,A
-1.86e-08,A
-1.86e-08,A
-2.69e-08,A
-3.52e-08,A
-3.49e-08,A
-1.87e-08,A
-3.04e-09,A
-1.22e-08,A
-1.13e-08,A
-1.14e-08,A
-1.99e-08,A
-3.55e-08,A
-1.1e-08,A
-1.87e-08,A
-2.69e-08,A
-1.05e-08,A
-2.15e-09,A
-1.07e-08,A
-1.06e-08,A
-2.69e-08,A
-1.87e-08,A
-3.39e-08,A
-4.13e-08,A
-9.44e-09,A
-1.82e-08,A
-1.11e-08,A
-1.85e-08,A
-1.72e-08,A
-1.79e-09,A
-1.82e-08,A
-1.78e-08,A
-1.26e-09,A
-3.32e-08,A
-3.31e-08,A
-2.47e-08,A
1.64e-11,A
-2.41e-08,A
-1.6e-08,A
7.94e-09,A
-7.32e-09,A
-7.21e-09,A
-1.55e-08,A
-7.93e-09,A
-7.21e-09,A
-1.5e-08,A
8.64e-09,A
1.06e-09,A
2.5e-08,A
4.98e-08,A
1.07e-08,A
-4.95e-09,A
1.82e-08,A
2.04e-09,A
9.5e-09,A
1.1e-09,A
8.97e-09,A
9.6e-10,A
2.59e-08,A
2.56e-08,A
2.61e-08,A
1.02e-08,A
1.78e-08,A
2.58e-08,A
8.96e-09,A
8.95e-09,A
1.15e-09,A
2.53e-08,A
1.74e-08,A
-7.01e-09,A
1.51e-09,A
2.46e-08,A
2.43e-08,A
9.41e-09,A
1.71e-08,A
1.74e-08,A
1.72e-08,A
2.64e-09,A
1.86e-08,A
1.87e-08,A
1.1e-08,A
1.01e-08,A
9.95e-09,A
1.87e-09,A
-1.36e-08,A
-5.59e-09,A
1.08e-08,A
1.81e-08,A
2.57e-08,A
1.51e-09,A
2.59e-09,A
1.08e-08,A
5.86e-08,A
2.66e-08,A
3.39e-08,A
9.44e-09,A
3.35e-08,A
1.75e-08,A
1.66e-09,A
8.96e-09,A
2.57e-08,A
1.77e-08,A
3.35e-08,A
1.02e-08,A
1.05e-08,A
2.54e-08,A
2.52e-08,A
1.72e-08,A
1.8e-08,A
2.58e-08,A
1.47e-09,A
1.03e-08,A
2.48e-09,A
1.82e-08,A
1.86e-08,A
2.07e-09,A
9.72e-09,A
1.16e-08,A
3.37e-09,A
2.01e-08,A
2.83e-08,A
4.35e-09,A
3.63e-08,A
1.98e-08,A
3.63e-08,A
5.27e-08,A
2.07e-08,A
2.94e-08,A
2.17e-08,A
2.14e-08,A
2.95e-08,A
5.41e-08,A
2.15e-08,A
4.18e-09,A
2e-08,A
3.65e-08,A
2.13e-08,A
3.01e-08,A
3.03e-08,A
5.41e-08,A
5.38e-08,A
3.77e-08,A
3.72e-08,A
6.13e-08,A
3.73e-08,A
4.55e-08,A
3.77e-08,A
5.41e-08,A
4.61e-08,A
4.67e-08,A
3.79e-08,A
3.81e-08,A
5.34e-08,A
5.39e-08,A
5.48e-08,A
5.44e-08,A
5.49e-08,A
3.79e-08,A
4.55e-08,A
5.37e-08,A
2.28e-08,A
4.68e-08,A
3.86e-08,A
1.43e-08,A
2.31e-08,A
3.03e-08,A
2.25e-08,A
1.51e-08,A
2.19e-08,A
2.92e-08,A
3.83e-08,A
3.96e-08,A
2.32e-08,A
3.07e-08,A
3.91e-08,A
3.14e-08,A
3.92e-08,A
4.72e-08,A
3.9e-08,A
5.58e-08,A
4.81e-08,A
4.72e-08,A
5.49e-08,A
4.66e-08,A
3.86e-08,A
5.49e-08,A
3.07e-08,A
4.68e-08,A
3.99e-08,A
3.12e-08,A
3.9e-08,A
5.42e-08,A
5.33e-08,A
4.43e-08,A
2.91e-08,A
3.58e-08,A
4.44e-08,A
6.04e-08,A
2.92e-08,A
4.53e-08,A
3.79e-08,A
5.4e-08,A
3.79e-08,A
6.2e-08,A
4.54e-08,A
4.5e-08,A
4.54e-08,A
4.58e-08,A
5.53e-08,A
3.14e-08,A
3.07e-08,A
6.25e-08,A
5.44e-08,A
4.52e-08,A
5.26e-08,A
5.26e-08,A
5.33e-08,A
5.33e-08,A
6.15e-08,A
5.28e-08,A
6.86e-08,A
5.28e-08,A
6e-08,A
5.99e-08,A
4.44e-08,A
6e-08,A
4.45e-08,A
5.25e-08,A
5.16e-08,A
2.77e-08,A
5.21e-08,A
6.05e-08,A
5.97e-08,A
5.2e-08,A
5.2e-08,A
5.14e-08,A
4.31e-08,A
5.96e-08,A
6.65e-08,A
3.51e-08,A
5.92e-08,A
5.11e-08,A
5.17e-08,A
5.18e-08,A
5.89e-08,A
5.87e-08,A
5.08e-08,A
5.14e-08,A
3.59e-08,A
1.96e-08,A
3.45e-08,A
5.11e-08,A
3.63e-08,A
3.59e-08,A
3.6e-08,A
4.46e-08,A
2.9e-08,A
3.67e-08,A
1.93e-08,A
3.48e-08,A
3.44e-08,A
4.24e-08,A
3.5e-08,A
2.67e-08,A
3.53e-08,A
1.93e-08,A
3.49e-08,A
1.79e-08,A
1.8e-08,A
4.22e-08,A
2.67e-08,A
2.7e-08,A
1.96e-08,A
3.38e-08,A
2.64e-08,A
1.79e-08,A
2.61e-08,A
3.3e-08,A
2.44e-08,A
1.6e-08,A
1.55e-08,A
2.37e-08,A
1.54e-08,A
3.17e-08,A
2.36e-08,A
2.4e-08,A
1.55e-08,A
2.39e-08,A
8.9e-09,A
3.27e-08,A
1.64e-08,A
1.67e-08,A
9.29e-09,A
1.73e-08,A
8.51e-09,A
9.07e-09,A
1.37e-09,A
1.07e-08,A
1.8e-08,A
1.8e-08,A
-6.13e-09,A
2.26e-09,A
-6.2e-09,A
9.96e-09,A
1.75e-08,A
1.02e-08,A
1.06e-08,A
1.89e-08,A
1.03e-08,A
1.84e-08,A
3.45e-08,A
2.6e-08,A
3.38e-08,A
2.64e-08,A
1.73e-08,A
1.73e-08,A
2.56e-08,A
4.11e-08,A
1.69e-08,A
1.67e-08,A
8.64e-09,A
2.47e-08,A
8.01e-09,A
2.35e-08,A
3.88e-08,A
6.86e-09,A
2.4e-08,A
1.55e-08,A
3.97e-08,A
3.96e-08,A
3.14e-08,A
1.55e-08,A
3.23e-08,A
4.08e-08,A
3.29e-08,A
8.39e-09,A
4.02e-08,A
3.15e-08,A
3.16e-08,A
1.67e-08,A
1.63e-08,A
2.35e-08,A
2.39e-08,A
1.71e-08,A
2.47e-08,A
2.4e-08,A
3.2e-08,A
3.22e-08,A
3.17e-08,A
2.29e-08,A
7.47e-09,A
2.31e-08,A
6.88e-09,A
2.22e-08,A
2.28e-08,A
2.3e-08,A
6.95e-09,A
3.91e-08,A
3.16e-08,A
1.58e-08,A
4.69e-08,A
2.24e-08,A
4.68e-08,A
4.73e-08,A
3.88e-08,A
7.22e-09,A
2.35e-08,A
3.07e-08,A
2.36e-08,A
2.45e-08,A
2.36e-08,A
7.46e-09,A
2.41e-08,A
2.5e-08,A
4.12e-08,A
4.12e-08,A
4.86e-08,A
2.44e-08,A
1.66e-08,A
5.73e-10,A
2.43e-08,A
2.5e-08,A
2.57e-08,A
3.36e-08,A
2.53e-08,A
2.56e-08,A
2.52e-08,A
9.15e-09,A
3.35e-08,A
2.54e-08,A
2.51e-08,A
1.78e-08,A
3.41e-08,A
3.49e-08,A
2.63e-08,A
2.69e-08,A
1.93e-08,A
2.73e-08,A
2.7e-08,A
3.45e-08,A
1.88e-08,A
1.03e-08,A
2.68e-08,A
2.07e-09,A
-5.93e-09,A
1.99e-09,A
1.07e-08,A
2.7e-09,A
2e-09,A
3.25e-08,A
2.48e-08,A
9.33e-09,A
1.71e-08,A
9.6e-09,A
1.87e-08,A
1.02e-08,A
2.61e-08,A
1.81e-08,A
2.62e-08,A
1.85e-08,A
-5.16e-09,A
3.43e-08,A
1.86e-08,A
2.71e-08,A
1.84e-08,A
1.04e-08,A
2.65e-08,A
1.81e-08,A
2.69e-08,A
4.33e-08,A
1.13e-08,A
2.69e-09,A
3.26e-09,A
-5.3e-09,A
-5.15e-09,A
-5.09e-09,A
2.38e-09,A
1.01e-08,A
3.24e-09,A
3.09e-09,A
-5.66e-09,A
-6.73e-09,A
8.82e-09,A
1.73e-08,A
1.79e-08,A
1e-08,A
1.86e-08,A
4.16e-08,A
2.49e-08,A
2.5e-08,A
3.31e-08,A
2.44e-08,A
1.68e-08,A
2.48e-08,A
1.68e-08,A
1.68e-08,A
2.47e-08,A
1.7e-08,A
9.42e-09,A
1.83e-08,A
3.42e-08,A
3.34e-08,A
1.72e-08,A
2.55e-08,A
1.78e-08,A
2.63e-08,A
1.82e-08,A
2.67e-08,A
4.22e-08,A
3.43e-08,A
4.22e-08,A
2.6e-08,A
4.2e-08,A
2.55e-08,A
1.76e-08,A
2.61e-08,A
4.14e-08,A
3.38e-08,A
1.01e-08,A
2.69e-08,A
2.67e-08,A
2.73e-08,A
3.57e-08,A
1.98e-08,A
1.96e-08,A
2.68e-08,A
3.59e-08,A
2.81e-08,A
2e-08,A
5.1e-09,A
1.25e-08,A
1.24e-08,A
1.93e-08,A
1.94e-08,A
2.06e-08,A
2.82e-08,A
1.97e-08,A
1.02e-08,A
1.78e-08,A
2.54e-08,A
1.68e-08,A
8.28e-09,A
1.66e-08,A
2.4e-08,A
1.63e-08,A
8.71e-09,A
4.4e-10,A
1.15e-09,A
1.69e-08,A
2.5e-08,A
9.68e-09,A
2.56e-08,A
1.75e-08,A
2.57e-08,A
1.76e-08,A
1.85e-08,A
1.06e-08,A
2.12e-09,A
1.78e-08,A
2.55e-08,A
2.6e-08,A
1.76e-08,A
2.69e-08,A
1.84e-08,A
2.23e-09,A
2.64e-08,A
1.74e-08,A
1.73e-08,A
2.52e-08,A
1.04e-08,A
9.47e-09,A
1.63e-08,A
7.56e-09,A
-4.42e-12,A
2.54e-10,A
2.49e-08,A
8.81e-09,A
1.68e-08,A
1.4e-09,A
7.67e-09,A
7.56e-09,A
3.42e-10,A
-7.4e-09,A
-8.68e-09,A
-6.22e-10,A
7.46e-09,A
1.48e-08,A
6.63e-09,A
-9.45e-09,A
-7.19e-10,A
7.17e-09,A
6.91e-09,A
-1.01e-09,A
-8.39e-09,A
-9.66e-10,A
-5.69e-10,A
-4.34e-10,A
-1.81e-10,A
1.46e-11,A
7.77e-09,A
-1.43e-10,A
-3.52e-10,A
-1.65e-08,A
-2.61e-10,A
-8.41e-09,A
1.52e-08,A
-1.17e-09,A
-8.7e-09,A
-1.31e-09,A
-1.66e-09,A
-8.88e-09,A
1.47e-08,A
6.57e-09,A
5.79e-09,A
-2.51e-09,A
-3.02e-09,A
-1.87e-08,A
5.28e-09,A
1.4e-08,A
2.93e-08,A
4.92e-09,A
5.16e-09,A
-3.37e-09,A
-1.11e-08,A
-2.65e-09,A
1.22e-08,A
-2.91e-09,A
-3.77e-09,A
-1.23e-08,A
-1.97e-08,A
-1.24e-08,A
1.14e-08,A
-4.85e-09,A
-1.25e-08,A
3.35e-09,A
-2.11e-08,A
-2.87e-08,A
-3.71e-08,A
-2.11e-08,A
-4.49e-08,A
-2.13e-08,A
-1.27e-08,A
-1.35e-08,A
2.48e-09,A
1.16e-08,A
2.86e-09,A
-1.3e-08,A
-4.73e-09,A
-4.98e-09,A
-3.6e-08,A
-3.62e-09,A
-1.15e-08,A
-1.14e-08,A
-1.13e-08,A
-1.24e-08,A
-4.37e-09,A
-2.13e-08,A
-1.37e-08,A
-2.14e-08,A
-2.2e-08,A
1.51e-09,A
-3.05e-08,A
-5.81e-09,A
-1.44e-08,A
-1.45e-08,A
-5.52e-09,A
-1.38e-08,A
3.25e-09,A
2.86e-09,A
-5.89e-09,A
2.34e-09,A
9.87e-09,A
2.16e-09,A
1.82e-08,A
1.78e-08,A
1.81e-08,A
1e-08,A
-6.41e-09,A
9.3e-09,A
1.72e-08,A
1.74e-08,A
1.78e-08,A
1.77e-08,A
2.11e-09,A
1.85e-09,A
-6.73e-09,A
1.46e-09,A
-1.38e-08,A
-5.77e-09,A
-1.35e-08,A
-4.94e-09,A
-5.76e-09,A
9.28e-09,A
1.75e-08,A
1.8e-08,A
9.85e-09,A
1.05e-08,A
1.8e-08,A
2.56e-08,A
1.58e-09,A
9.54e-09,A
1.74e-09,A
1.76e-08,A
1.77e-08,A
8.9e-09,A
1.68e-08,A
1.69e-08,A
1.18e-09,A
1.01e-08,A
2.58e-08,A
1.69e-08,A
1.76e-08,A
9.45e-09,A
4.2e-08,A
4.19e-08,A
2.53e-08,A
1.05e-08,A
2.6e-08,A
3.35e-08,A
2.52e-08,A
1.7e-08,A
-7.52e-09,A
6.6e-10,A
7.27e-10,A
7.65e-10,A
-7.67e-09,A
-7.41e-09,A
1.24e-10,A
1.56e-08,A
6.94e-09,A
2.35e-08,A
3.08e-08,A
7.71e-09,A
1.59e-08,A
1.51e-08,A
7.62e-09,A
-8.21e-09,A
1.7e-08,A
9.32e-09,A
1.59e-09,A
9.72e-09,A
1.8e-08,A
9.39e-09,A
1.03e-08,A
1.85e-08,A
1.81e-08,A
3.34e-08,A
3.27e-08,A
1.63e-08,A
8.5e-09,A
-5.67e-10,A
-2.54e-10,A
3.27e-10,A
-3.6e-10,A
-7.98e-09,A
-8.48e-09,A
-1.27e-09,A
-1.73e-08,A
2.28e-08,A
1.55e-08,A
7.06e-09,A
2.29e-08,A
6.65e-09,A
-5.85e-10,A
1.35e-10,A
1.57e-08,A
1.51e-08,A
2.34e-08,A
-2.42e-08,A
-2.59e-08,A
-2.47e-08,A
-3.19e-08,A
-1.5e-08,A
-2.41e-08,A
-1.61e-08,A
-3.29e-08,A
-1.76e-08,A
-4.97e-08,A
-5.07e-08,A
-4.15e-08,A
-4.08e-08,A
-1.74e-08,A
-1.85e-08,A
-9.94e-09,A
-1.02e-08,A
-2.61e-08,A
-3.38e-08,A
-4.16e-08,A
-1.77e-08,A
-1.72e-08,A
-1.72e-08,A
-2.44e-08,A
-4.35e-10,A
-1.69e-08,A
6.97e-09,A
-1.68e-08,A
-9.79e-09,A
-1.81e-08,A
-1.06e-08,A
-1.87e-08,A
-1.88e-08,A
-1.74e-08,A
-2.05e-09,A
-1.91e-08,A
-2.33e-09,A
-1.79e-08,A
-2.14e-09,A
-1.82e-09,A
-1.52e-09,A
-1.67e-09,A
-1.94e-09,A
-2.47e-09,A
-1.05e-08,A
-1.86e-08,A
-1.83e-08,A
-1e-08,A
1.3e-08,A
5.12e-09,A
-3.24e-09,A
-1.86e-08,A
-1.03e-08,A
-2.68e-08,A
-1.06e-08,A
-2.71e-09,A
-2.98e-09,A
-1.81e-08,A
1.39e-08,A
-1.56e-09,A
-1.52e-09,A
5.87e-09,A
7.38e-09,A
-8.52e-09,A
-7.67e-09,A
-2.47e-08,A
-3.25e-08,A
-1.59e-08,A
-8.13e-09,A
7.92e-10,A
5.3e-10,A
1.65e-08,A
8.35e-09,A
-8.69e-09,A
-2.48e-08,A
-1.63e-08,A
-9.13e-09,A
7.83e-09,A
7.02e-09,A
6.48e-09,A
7.47e-09,A
-1.06e-09,A
-2.61e-08,A
-2.66e-08,A
-1.03e-08,A
-1.73e-08,A
-8.99e-09,A
-3.2e-08,A
-2.31e-08,A
-2.32e-08,A
6.14e-10,A
1.43e-09,A
1.01e-09,A
1.42e-09,A
8.63e-09,A
1.66e-08,A
9e-09,A
8.95e-09,A
7.57e-10,A
8.55e-09,A
-8.32e-09,A
2.36e-08,A
1.57e-08,A
8.35e-09,A
1.56e-08,A
1.56e-08,A
1.55e-08,A
7.22e-09,A
1.54e-08,A
2.42e-08,A
8.46e-09,A
1.61e-08,A
7.67e-09,A
1.51e-08,A
-7.65e-09,A
-8.16e-09,A
-2.52e-08,A
-8.56e-09,A
-3.25e-08,A
-2.5e-08,A
-1.73e-08,A
-2.47e-08,A
-3.33e-08,A
-1.73e-08,A
-8.76e-09,A
-4.05e-08,A
-3.36e-08,A
-2.54e-08,A
-3.37e-08,A
-2.54e-08,A
-2.53e-08,A
-2.56e-08,A
-3.3e-08,A
-1.69e-08,A
-2.48e-08,A
-2.51e-08,A
-9.9e-09,A
-2.53e-08,A
-2.53e-08,A
-9.19e-09,A
-1.79e-08,A
-2.54e-08,A
-2.56e-08,A
-2.65e-08,A
-1.8e-08,A
-5.02e-08,A
-4.21e-08,A
-3.38e-08,A
-3.39e-08,A
-4.11e-08,A
-2.46e-08,A
-4.1e-08,A
-4.02e-08,A
-8.51e-09,A
-1.64e-08,A
-9.34e-09,A
-8.73e-09,A
-7.98e-09,A
-1.68e-08,A
-1.64e-08,A
-1.61e-08,A
-1.6e-08,A
-1.62e-08,A
-3.18e-08,A
-7.6e-09,A
5.3e-10,A
8.05e-10,A
-1.53e-08,A
8.58e-09,A
-1.67e-08,A
-8.14e-09,A
3.23e-10,A
8.16e-09,A
-1.48e-11,A
-5e-11,A
-8.75e-09,A
-1.61e-08,A
-4.68e-10,A
-1.68e-08,A
-2.4e-08,A
-3.18e-08,A
-3.18e-08,A
5.49e-10,A
-8.06e-09,A
-4.07e-10,A
-2.51e-08,A
-2.59e-08,A
-2.59e-08,A
-1.68e-08,A
2.35e-08,A
-1.66e-08,A
-2.53e-08,A
-3.34e-08,A
-3.22e-08,A
-2.43e-08,A
-2.03e-10,A
-8.57e-09,A
-3.27e-08,A
-4.04e-08,A
-4.78e-08,A
-8.34e-09,A
8.66e-09,A
2.36e-08,A
8.19e-09,A
7.81e-09,A
1.65e-08,A
8.65e-10,A
2.55e-08,A
-6.64e-09,A
3.37e-08,A
4.95e-08,A
1.76e-08,T
8.1e-09,T
3.14e-08,T
-1.59e-09,T
1.42e-08,T
-1.68e-09,T
-2.51e-09,T
5.18e-09,T
1.35e-08,T
5.08e-09,T
-2.72e-09,T
4.18e-09,T
1.22e-08,T
1.95e-08,T
3.31e-09,T
1.1e-08,T
2.41e-09,T
1.93e-09,T
-2.27e-08,T
4.79e-10,T
-9.34e-12,T
-7.99e-09,T
-4.11e-10,T
1.51e-08,T
2.34e-08,T
-8.48e-10,T
-1.22e-09,T
1.53e-08,T
7.6e-09,T
6.23e-09,T
5.34e-09,T
-2.62e-09,T
-3.38e-09,T
1.25e-08,T
1.25e-08,T
2.02e-08,T
2.84e-09,T
-4.16e-09,T
1.91e-08,T
2.62e-08,T
1.02e-08,T
2.17e-09,T
1.81e-08,T
1.82e-08,T
1.87e-08,T
3.49e-08,T
3.39e-08,T
3.33e-08,T
4.1e-08,T
2.58e-08,T
2.49e-08,T
1.68e-08,T
9.32e-09,T
1.67e-08,T
1.77e-08,T
1e-08,T
1.02e-08,T
1.59e-09,T
1.16e-09,T
9.05e-09,T
4.39e-10,T
8.35e-09,T
4.5e-10,T
3.17e-08,T
1.58e-08,T
7.98e-09,T
6.91e-09,T
6.61e-09,T
1.55e-08,T
6.96e-09,T
2.31e-08,T
2.24e-08,T
1.47e-08,T
2.2e-08,T
2.21e-08,T
2.99e-08,T
3.77e-08,T
2.08e-08,T
2.91e-08,T
2.89e-08,T
2.09e-08,T
3.69e-08,T
2.07e-08,T
2.12e-08,T
2.03e-08,T
-5.92e-09,T
-1.31e-08,T
-2.18e-08,T
-6.06e-09,T
-1.44e-08,T
-6.29e-09,T
-1.36e-08,T
-4.94e-09,T
-5.67e-09,T
-5.73e-09,T
2.32e-09,T
-6.61e-09,T
1.49e-09,T
1.69e-09,T
-2.18e-08,T
1.01e-08,T
1.79e-08,T
9.68e-09,T
1.76e-08,T
2.44e-08,T
1.65e-08,T
8.41e-09,T
7.3e-09,T
8.97e-09,T
2.42e-08,T
3.24e-08,T
1.77e-08,T
7.95e-10,T
4.52e-10,T
6.09e-10,T
1.62e-08,T
-8.2e-09,T
-8.21e-09,T
-6.12e-10,T
-9.62e-09,T
-1.77e-08,T
-9.36e-09,T
-1.74e-08,T
-9.6e-09,T
6.2e-09,T
-2.11e-09,T
1.35e-08,T
1.29e-08,T
5.57e-09,T
-2.75e-09,T
2.09e-08,T
5.5e-09,T
1.37e-08,T
-2.07e-09,T
5.17e-09,T
1.36e-08,T
4.88e-09,T
5.14e-09,T
5.11e-09,T
2.15e-08,T
2.92e-08,T
3.75e-08,T
3.82e-08,T
4.72e-08,T
6.24e-09,T
-2.29e-09,T
2.17e-08,T
2.89e-08,T
2.14e-08,T
-2.51e-09,T
1.31e-08,T
5.21e-09,T
5.24e-09,T
1.23e-08,T
1.23e-08,T
-1.93e-08,T
-1.06e-08,T
1.39e-08,T
5.95e-09,T
2.21e-08,T
3.04e-08,T
6.94e-09,T
-1.25e-09,T
1.36e-08,T
5.03e-09,T
5.79e-09,T
1.43e-08,T
2.23e-08,T
7.41e-09,T
7.01e-09,T
2.3e-08,T
2.32e-08,T
1.43e-08,T
3.06e-08,T
3.07e-08,T
3.91e-08,T
3.87e-08,T
4.63e-08,T
4.65e-08,T
5.37e-08,T
3.77e-08,T
2.96e-08,T
2.22e-08,T
3.03e-08,T
2.25e-08,T
6.02e-09,T
1.43e-08,T
2.17e-08,T
-2.49e-09,T
1.52e-08,T
6.23e-09,T
5.54e-09,T
2.14e-08,T
-3.19e-09,T
-3.42e-09,T
-2.67e-09,T
-3.63e-09,T
-2.33e-09,T
6.44e-09,T
5.34e-09,T
5.19e-09,T
2.07e-08,T
1.25e-08,T
2.08e-08,T
2.02e-08,T
6.02e-08,T
4.46e-08,T
2.02e-08,T
2.71e-08,T
2.7e-08,T
4.29e-08,T
4.34e-08,T
2.69e-08,T
2.73e-08,T
1.94e-08,T
2.67e-08,T
1.85e-08,T
3.48e-08,T
3.55e-08,T
2.02e-08,T
2.01e-08,T
3.5e-08,T
2.75e-08,T
1.96e-08,T
1.22e-08,T
4.38e-08,T
4.45e-08,T
2.9e-08,T
4.61e-09,T
-1.12e-08,T
4.1e-09,T
4.02e-09,T
3.69e-09,T
-4.58e-09,T
3.31e-09,T
3.36e-09,T
1.92e-08,T
2.98e-09,T
2.7e-09,T
-1.31e-08,T
2.33e-09,T
2.65e-09,T
-1.25e-08,T
-1.25e-08,T
-5.67e-09,T
-5.07e-09,T
-1.25e-08,T
-2.04e-08,T
-2e-08,T
-1.35e-08,T
-1.36e-08,T
-1.37e-08,T
-6.59e-09,T
-6.79e-09,T
-1.52e-08,T
-2.35e-08,T
-1.58e-08,T
-1.55e-08,T
-2.3e-08,T
-3.14e-08,T
-3.95e-08,T
-2.33e-08,T
-2.28e-08,T
-2.18e-08,T
-1.41e-08,T
-1.52e-08,T
-6.24e-09,T
-6.72e-09,T
7.12e-10,T
-7.42e-09,T
-2.38e-08,T
-8.15e-09,T
-1.62e-08,T
-1.5e-08,T
-1.49e-08,T
-2.3e-08,T
-3.24e-08,T
-1.53e-08,T
-2.33e-08,T
-2.31e-08,T
-8.55e-09,T
-1.68e-08,T
-2.43e-08,T
-5.26e-10,T
-7.38e-10,T
2.92e-10,T
-8.09e-09,T
-9.47e-11,T
-8.63e-09,T
-8.5e-09,T
7.35e-09,T
6.43e-09,T
-9.35e-09,T
-5.19e-10,T
-6.7e-10,T
-5.49e-10,T
-1.2e-09,T
-2.52e-08,T
-9.66e-09,T
-1.02e-08,T
-1e-08,T
-1.75e-08,T
5.76e-09,T
-2.42e-09,T
-1.97e-09,T
-1.81e-08,T
-2.11e-09,T
-1.37e-09,T
5.52e-09,T
-1.1e-09,T
-1.01e-08,T
1.31e-08,T
-2.18e-09,T
5.59e-09,T
-2.47e-09,T
6.22e-09,T
1.33e-08,T
2.13e-08,T
1.46e-08,T
2.33e-08,T
1.57e-08,T
1.48e-08,T
2.3e-08,T
1.5e-08,T
-1.65e-08,T
1.55e-08,T
-1.69e-08,T
-1.7e-08,T
6.78e-09,T
6.41e-09,T
7.14e-09,T
-1.21e-09,T
-9.11e-09,T
-1.67e-09,T
-1.07e-09,T
-9.53e-09,T
-9.73e-09,T
-2.65e-08,T
-1.85e-08,T
-1.12e-08,T
-1.89e-08,T
-3.43e-08,T
-1.92e-08,T
-1.14e-08,T
-2.89e-09,T
2.97e-08,T
-2.06e-09,T
6.63e-09,T
5.81e-09,T
1.43e-08,T
6.25e-09,T
5.89e-09,T
1.44e-08,T
-9.3e-09,T
-1.01e-08,T
2.17e-08,T
1.37e-08,T
6.3e-09,T
1.39e-08,T
5.46e-09,T
5.09e-09,T
1.31e-08,T
-3.24e-09,T
2.1e-08,T
2.11e-08,T
3.81e-09,T
1.13e-08,T
1.16e-08,T
1.11e-08,T
1.13e-08,T
2.76e-09,T
1.07e-08,T
1.23e-08,T
1.17e-08,T
1.12e-08,T
1.21e-08,T
-4.13e-09,T
-4.04e-09,T
-1.27e-08,T
-1.24e-08,T
-2.07e-08,T
-1.24e-08,T
-4.45e-09,T
-1.33e-08,T
-1.35e-08,T
-4.75e-09,T
-5.04e-09,T
-1.29e-08,T
-2.07e-08,T
-5.9e-09,T
2.63e-09,T
-4.95e-09,T
-1.23e-08,T
-1.21e-08,T
-1.2e-08,T
-3.97e-09,T
-3.59e-09,T
-1.22e-08,T
-2.08e-08,T
-1.2e-08,T
-2.01e-08,T
-1.95e-08,T
-2.01e-08,T
-1.18e-08,T
-1.98e-08,T
-4.45e-08,T
-2.84e-08,T
-1.28e-08,T
-1.21e-08,T
-1.95e-08,T
-2.78e-08,T
-4.39e-08,T
-2.74e-08,T
-2.78e-08,T
-2.02e-08,T
-2.8e-08,T
-1.95e-08,T
-4.39e-08,T
-2.83e-08,T
-2.08e-08,T
-2.96e-08,T
-2.88e-08,T
-2.09e-08,T
-2.88e-08,T
-2.2e-08,T
-4.64e-08,T
-3.98e-08,T
-1.59e-08,T
1.61e-08,T
1.68e-08,T
2.16e-09,T
9.56e-09,T
9.93e-09,T
1.98e-09,T
-6.5e-09,T
-1.42e-08,T
-2.18e-08,T
9.98e-09,T
-6.02e-09,T
1.03e-08,T
-5.96e-09,T
1.01e-08,T
9.05e-09,T
2.52e-08,T
9.85e-09,T
-6.98e-09,T
1.69e-08,T
1.73e-08,T
2.53e-08,T
2.58e-08,T
1.74e-08,T
2.46e-08,T
3.35e-08,T
1.77e-08,T
1.77e-08,T
3.37e-08,T
1.76e-08,T
4.17e-08,T
4.96e-08,T
3.41e-08,T
5.04e-08,T
3.43e-08,T
5.04e-08,T
4.17e-08,T
4.17e-08,T
3.43e-08,T
3.47e-08,T
4.29e-08,T
3.47e-08,T
3.43e-08,T
3.46e-08,T
3.5e-08,T
5.9e-08,T
3.44e-08,T
4.24e-08,T
4.17e-08,T
5.08e-08,T
4.3e-08,T
3.45e-08,T
4.28e-08,T
3.52e-08,T
4.28e-08,T
5.07e-08,T
1.79e-08,T
2.59e-08,T
1.03e-08,T
2.64e-08,T
2.73e-08,T
2.79e-08,T
2.78e-08,T
1.96e-08,T
2e-08,T
2.83e-08,T
1.96e-08,T
3.65e-08,T
3.56e-08,T
2.01e-08,T
4.46e-08,T
3.62e-08,T
6.06e-08,T
4.48e-08,T
5.27e-08,T
2.97e-08,T
2.96e-08,T
2.94e-08,T
4.59e-08,T
3.07e-08,T
1.43e-08,T
1.4e-08,T
2.22e-08,T
3.02e-08,T
2.25e-08,T
4.57e-08,T
3.82e-08,T
4.66e-08,T
2.26e-08,T
3.88e-08,T
3.92e-08,T
3e-08,T
3.03e-08,T
2.26e-08,T
1.47e-08,T
-1.95e-09,T
5.44e-09,T
2.15e-08,T
1.31e-08,T
3.83e-08,T
3.01e-08,T
7.03e-09,T
5.83e-09,T
-2.16e-09,T
6e-09,T
1.29e-08,T
-2.59e-09,T
5.33e-09,T
4.81e-09,T
-3.3e-09,T
5e-09,T
-1.17e-08,T
4.33e-09,T
1.31e-08,T
2.08e-08,T
1.32e-08,T
2.15e-08,T
5.11e-09,T
-2.4e-09,T
1.34e-08,T
-2.63e-09,T
5.19e-09,T
-2.75e-09,T
-3.31e-09,T
-2.79e-09,T
-3.23e-09,T
1.21e-08,T
1.31e-08,T
-1.08e-08,T
-1.09e-08,T
-1.99e-08,T
-1.95e-08,T
-1.91e-08,T
5.89e-09,T
-2.48e-09,T
5.65e-09,T
-1.79e-08,T
-9.9e-09,T
-1.39e-09,T
-1.81e-08,T
-2.61e-08,T
-1.83e-08,T
-2.55e-08,T
-8.73e-09,T
-1.74e-08,T
-1.81e-08,T
-1.78e-08,T
-2.56e-08,T
-2.6e-08,T
-1.03e-08,T
-1.91e-09,T
1.46e-08,T
-1.31e-09,T
2.32e-08,T
7.31e-09,T
6.9e-09,T
6.98e-09,T
6.99e-09,T
-1.76e-09,T
6.49e-09,T
2.98e-08,T
2.2e-08,T
6.53e-09,T
5.73e-09,T
1.36e-08,T
2.94e-08,T
2.96e-08,T
2.24e-08,T
1.41e-08,T
1.35e-08,T
6.27e-09,T
2.28e-08,T
-1.9e-09,T
1.49e-08,T
1.48e-08,T
6.97e-09,T
-1.33e-09,T
-9.8e-10,T
-3.71e-10,T
-8.86e-09,T
-8.68e-09,T
-8.7e-09,T
-9.87e-09,T
5.15e-09,T
3.76e-08,T
3.81e-08,T
3.74e-08,T
2.97e-08,T
2.27e-08,T
1.47e-08,T
2.23e-08,T
3.02e-08,T
3.04e-08,T
3.09e-08,T
2.22e-08,T
2.25e-08,T
2.19e-08,T
3.03e-08,T
3.81e-08,T
2.24e-08,T
6.99e-09,T
7.52e-09,T
1.51e-08,T
-2.11e-09,T
-1.93e-09,T
5.64e-09,T
5.84e-09,T
1.38e-08,T
2.92e-08,T
2.15e-08,T
5.7e-09,T
5.24e-09,T
-2.74e-09,T
1.35e-08,T
5.32e-09,T
1.37e-08,T
1.41e-08,T
1.34e-08,T
2.12e-08,T
1.31e-08,T
2.05e-08,T
3.83e-09,T
2.04e-08,T
2.93e-08,T
2.19e-08,T
5.21e-09,T
1.31e-08,T
1.99e-08,T
1.96e-08,T
1.99e-08,T
1.17e-08,T
1.1e-08,T
1.9e-08,T
2.25e-09,T
2.24e-09,T
-1.44e-08,T
-1.37e-08,T
-1.38e-08,T
-5.02e-09,T
2.73e-09,T
2.4e-09,T
2.55e-09,T
-5.41e-09,T
2.47e-09,T
1.09e-08,T
2.47e-09,T
1.73e-09,T
1.94e-09,T
-5.58e-09,T
-5.87e-09,T
1.97e-09,T
9.92e-09,T
1.8e-09,T
2.36e-09,T
1.95e-08,T
1.02e-08,T
2.51e-09,T
2.66e-09,T
1.09e-08,T
2.53e-09,T
1.02e-08,T
2.49e-09,T
1.01e-08,T
1.8e-08,T
1.82e-08,T
2.54e-08,T
3.38e-08,T
1.71e-08,T
9.7e-09,T
2.12e-09,T
-6.61e-09,T
-5.87e-09,T
-1.39e-08,T
-6.93e-09,T
8.73e-09,T
8.83e-09,T
8.55e-10,T
1.11e-09,T
6.36e-10,T
-3.31e-10,T
1.66e-08,T
1.22e-09,T
-8.44e-09,T
-1.56e-08,T
-7.5e-09,T
-7.62e-09,T
-8.06e-09,T
-7.97e-09,T
-8.6e-09,T
-1.64e-08,T
-2.42e-08,T
-1.59e-08,T
-2.44e-08,T
-7.9e-10,T
-1.07e-09,T
2.38e-08,T
3.64e-10,T
1.65e-08,T
-7.01e-09,T
-7.39e-09,T
-6.63e-09,T
8.32e-09,T
-6.62e-09,T
1.73e-08,T
9.43e-09,T
1.01e-08,T
2.55e-08,T
2.54e-08,T
2.06e-09,T
1.01e-08,T
1.99e-09,T
1.85e-08,T
-4.83e-09,T
-2.19e-08,T
-5.78e-09,T
-2.23e-08,T
-2.19e-08,T
1.04e-08,T
9.78e-09,T
-6.46e-09,T
1.16e-09,T
-6.28e-09,T
1.24e-09,T
8.99e-09,T
1.12e-09,T
9.14e-09,T
1.89e-09,T
-2.25e-08,T
-7.17e-09,T
-8.27e-09,T
-7.8e-09,T
-1.27e-10,T
-7.9e-09,T
-2.42e-08,T
-2.45e-08,T
-1.72e-08,T
-1.73e-08,T
-8.42e-09,T
4.12e-10,T
1.72e-08,T
1.68e-08,T
9.71e-10,T
5.43e-10,T
-8.16e-09,T
-7.98e-09,T
-2.35e-08,T
-7.25e-09,T
3.57e-10,T
-8.26e-09,T
-1.57e-08,T
-2.41e-08,T
-3.24e-08,T
-1.62e-08,T
-1.62e-08,T
-8.34e-09,T
-2.49e-08,T
-3.26e-08,T
-1.63e-08,T
-7.72e-09,T
-7.79e-09,T
-3.98e-08,T
-8.4e-09,T
-1.66e-08,T
-3.24e-08,T
-1.61e-08,T
-3.25e-08,T
-3.2e-08,T
-5.7e-08,T
-4.13e-08,T
-4.04e-08,T
-1.69e-08,T
-4.13e-08,T
-2.53e-08,T
-2.58e-08,T
-2.56e-08,T
-1.68e-08,T
-1.68e-08,T
-1.69e-08,T
-2.51e-08,T
-1.73e-08,T
-2.41e-08,T
-2.44e-08,T
-2.39e-08,T
-3.08e-08,T
-6.37e-08,T
-4.87e-08,T
-5.65e-08,T
-4.88e-08,T
-4.91e-08,T
-4.88e-08,T
-4.08e-08,T
-3.3e-08,T
-4.1e-08,T
-6.51e-08,T
-4.06e-08,T
-5.7e-08,T
-4.86e-08,T
-6.45e-08,T
-5.64e-08,T
-3.98e-08,T
-1.73e-08,T
-3.4e-08,T
-4.16e-08,T
-4.07e-08,T
-4.91e-08,T
-3.32e-08,T
-4.11e-08,T
-6.43e-08,T
-5.64e-08,T
-5.66e-08,T
-4.87e-08,T
-3.21e-08,T
-2.46e-08,T
-3.26e-08,T
-3.26e-08,T
-4.87e-08,T
-5.69e-08,T
-4.04e-08,T
-3.95e-08,T
-5.51e-08,T
-3.91e-08,T
-4.7e-08,T
-4.72e-08,T
-4.77e-08,T
-4e-08,T
-4.05e-08,T
-4.03e-08,T
-4.71e-08,T
-5.45e-08,T
-5.47e-08,T
-6.3e-08,T
-7.13e-08,T
-6.28e-08,T
-5.38e-08,T
-4.57e-08,T
-3.74e-08,T
-3.8e-08,T
-3.82e-08,T
-3.86e-08,T
-5.54e-08,T
-4.76e-08,T
-5.54e-08,T
-5.44e-08,T
-7.04e-08,T
-6.25e-08,T
-7.89e-08,T
-5.49e-08,T
-6.29e-08,T
-5.47e-08,T
-6.27e-08,T
-4.65e-08,T
-6.19e-08,T
-7.01e-08,T
-7.08e-08,T
-8.77e-08,T
-7.91e-08,T
-6.27e-08,T
-7.08e-08,T
-7.12e-08,T
-4.68e-08,T
-4.69e-08,T
-4.81e-08,T
-5.62e-08,T
-6.44e-08,T
-5.63e-08,T
-6.39e-08,T
-7.14e-08,T
-7.16e-08,T
-6.39e-08,T
-4.84e-08,T
-4.82e-08,T
-7.2e-08,T
-5.67e-08,T
-5.69e-08,T
-8.08e-08,T
-7.27e-08,T
-7.27e-08,T
-8.05e-08,T
-7.23e-08,T
-6.4e-08,T
-5.63e-08,T
-5.66e-08,T
-5.61e-08,T
-4.76e-08,T
-5.6e-08,T
-7.15e-08,T
-5.5e-08,T
-6.32e-08,T
-4.75e-08,T
-5.57e-08,T
-3.25e-08,T
-3.28e-08,T
-4e-08,T
-4.85e-08,T
-4.85e-08,T
-5.64e-08,T
-4.06e-08,T
-6.47e-08,T
-4.93e-08,T
-5.68e-08,T
-4.93e-08,T
-5.68e-08,T
-4.08e-08,T
-5.68e-08,T
-4.12e-08,T
-4.21e-08,T
-4.98e-08,T
-6.54e-08,T
-4.23e-08,T
-4.19e-08,T
-3.44e-08,T
-5.07e-08,T
-4.3e-08,T
-2.65e-08,T
-4.26e-08,T
-4.21e-08,T
-4.25e-08,T
-5.01e-08,T
-5.11e-08,T
-4.24e-08,T
-4.19e-08,T
-3.42e-08,T
-3.5e-08,T
-3.4e-08,T
-3.46e-08,T
-5.05e-08,T
-5.04e-08,T
-1.8e-08,T
-1.77e-08,T
-2.54e-08,T
-2.66e-08,T
-3.5e-08,T
-2.7e-08,T
-2.73e-08,T
-1.81e-08,T
-2.54e-08,T
-2.52e-08,T
-3.36e-08,T
-3.44e-08,T
-4.27e-08,T
-2.62e-08,T
-1.81e-08,T
-1.83e-08,T
-1.79e-08,T
-9.74e-09,T
5.08e-09,T
-1.04e-08,T
-1.87e-08,T
-1.12e-08,T
-3.52e-09,T
-1.12e-08,T
-1.91e-08,T
-1.19e-08,T
-2.85e-08,T
-2.84e-08,T
-1.19e-08,T
-1.18e-08,T
-2.84e-08,T
-3.73e-08,T
-2.91e-08,T
-4.82e-09,T
-2.85e-08,T
-1.25e-08,T
-4.14e-09,T
-2.83e-08,T
-1.99e-08,T
-4.56e-09,T
1.21e-08,T
1.24e-08,T
4.15e-09,T
-1.25e-08,T
3.96e-09,T
-1.2e-08,T
-2.02e-08,T
-2.11e-08,T
-2.12e-08,T
-1.31e-08,T
-5.08e-09,T
2.77e-09,T
2.81e-09,T
2.49e-09,T
3.18e-09,T
-4.12e-09,T
-1.27e-08,T
-4.06e-09,T
-2.77e-08,T
-1.9e-08,T
-1.86e-08,T
-1.15e-08,T
-3.74e-09,T
-2.01e-08,T
-1.98e-08,T
-1.98e-08,T
1.2e-08,T
-3.79e-09,T
4.25e-09,T
-3.47e-09,T
1.21e-08,T
-3.28e-09,T
-3.67e-09,T
-1.95e-08,T
-1.23e-08,T
-4.07e-09,T
3.29e-09,T
1.17e-08,T
-2e-08,T
4.12e-09,T
1.14e-08,T
3.73e-09,T
3.45e-09,T
-4.91e-09,T
-1.29e-08,T
-1.3e-08,T
-2.11e-08,T
-2.11e-08,T
-1.32e-08,T
-4.72e-09,T
-2.09e-08,T
-1.41e-08,T
9.69e-09,T
-6.02e-09,T
1.69e-09,T
-7.16e-09,T
-2.27e-08,T
-1.39e-08,T
-5.86e-09,T
9.51e-09,T
1.36e-09,T
9e-09,T
1.67e-08,T
8.99e-09,T
1.76e-08,T
1.71e-08,T
1.64e-08,T
1.59e-08,T
1.59e-08,T
1.58e-08,T
1.55e-08,T
7.44e-09,T
1.62e-08,T
9.24e-09,T
1.68e-08,T
2.41e-08,T
3.15e-08,T
1.49e-08,T
3.96e-08,T
3.2e-08,T
2.41e-08,T
1.64e-08,T
3.25e-08,T
2.41e-08,T
2.38e-08,T
2.37e-08,T
2.42e-08,T
2.49e-08,T
2.43e-08,T
2.48e-08,T
3.28e-08,T
3.33e-08,T
1.67e-08,T
7.92e-09,T
1.68e-08,T
8.85e-09,T
9.04e-09,T
8.78e-09,T
7.81e-09,T
1.52e-08,T
7.61e-09,T
8.06e-09,T
1.67e-08,T
2.45e-08,T
4.08e-08,T
2.45e-08,T
2.52e-08,T
2.47e-08,T
3.92e-10,T
1.68e-08,T
2.47e-08,T
1.69e-08,T
2.48e-08,T
1.68e-08,T
2.51e-08,T
2.44e-08,T
1.55e-08,T
2.38e-08,T
3.13e-08,T
1.51e-08,T
2.28e-08,T
1.6e-08,T
1.62e-08,T
8.05e-09,T
8e-09,T
8.03e-09,T
8.13e-10,T
1.7e-08,T
1.57e-08,T
1.61e-08,T
1.62e-08,T
2.45e-08,T
2.41e-08,T
2.4e-08,T
1.54e-08,T
3.21e-08,T
3.15e-08,T
7.67e-09,T
8.14e-09,T
2.25e-10,T
8.17e-09,T
1.68e-08,T
8.75e-09,T
1.78e-08,T
1.86e-08,T
1.78e-08,T
1.72e-08,T
1.75e-08,T
2.5e-08,T
1.66e-08,T
1.6e-08,T
9.41e-09,T
8.79e-09,T
8.96e-10,T
8.02e-10,T
1.24e-09,T
-7.65e-09,T
-7.24e-09,T
2.84e-10,T
-6.39e-10,T
-9.17e-09,T
-8.77e-09,T
-2.55e-10,T
-1.42e-10,T
3.42e-10,T
-1.25e-11,T
-8.22e-09,T
-9.55e-09,T
-1.26e-09,T
-1.41e-09,T
-1.33e-09,T
-1.59e-09,T
-1.76e-09,T
-1e-08,T
-2.04e-09,T
-1.74e-09,T
-1.22e-09,T
-9.33e-09,T
-9.27e-09,T
-1.01e-08,T
-2.16e-09,T
6.68e-09,T
7.15e-09,T
1.48e-08,T
1.47e-08,T
1.51e-08,T
1.51e-08,T
1.52e-08,T
7.26e-09,T
1.48e-08,T
3.1e-08,T
3.1e-08,T
2.34e-08,T
1.48e-08,T
2.26e-08,T
1.47e-08,T
7.12e-09,T
1.52e-08,T
1.48e-08,T
6.91e-09,T
1.46e-08,T
-1.53e-09,T
5.26e-09,T
6.05e-09,T
6.12e-09,T
3.03e-08,T
1.47e-08,T
3.16e-08,T
2.34e-08,T
2.31e-08,T
2.27e-08,T
1.5e-08,T
2.3e-08,T
2.27e-08,T
2.26e-08,T
2.95e-08,T
3.77e-08,T
3.72e-08,T
3.71e-08,T
3.67e-08,T
2.9e-08,T
2.96e-08,T
3.02e-08,T
3.89e-08,T
2.28e-08,T
2.26e-08,T
3.12e-08,T
3.03e-08,T
2.16e-08,T
2.98e-08,T
2.96e-08,T
2.14e-08,T
1.36e-08,T
2.98e-08,T
1.5e-08,T
1.4e-08,T
5.85e-09,T
5.25e-09,T
2.14e-08,T
2.08e-08,T
1.33e-08,T
1.31e-08,T
2.9e-08,T
2.93e-08,T
2.13e-08,T
2.12e-08,T
1.28e-08,T
1.27e-08,T
2.04e-08,T
1.94e-08,T
2.8e-08,T
2.1e-08,T
5.34e-09,T
5.08e-09,T
1.31e-08,T
1.38e-08,T
2.95e-08,T
1.31e-08,T
1.32e-08,T
-2.95e-09,T
2.08e-08,T
-3.15e-09,T
-3.34e-09,T
4.23e-09,T
4.03e-09,T
1.21e-08,T
5.07e-09,T
1.32e-08,T
1.33e-08,T
5.37e-09,T
6.28e-09,T
5.63e-09,T
5.34e-09,T
4.81e-09,T
4.51e-09,T
-3.28e-09,T
1.33e-08,T
1.3e-08,T
1.33e-08,T
1.27e-08,T
1.19e-08,T
1.88e-08,T
1.11e-08,T
-1.23e-08,T
-4.22e-09,T
3.93e-09,T
3.8e-09,T
2.76e-08,T
2.02e-08,T
1.18e-08,T
-4.39e-09,T
1.94e-08,T
2.75e-08,T
2.83e-08,T
1.26e-08,T
2.03e-08,T
2.86e-08,T
1.27e-08,T
2.14e-08,T
2.18e-08,T
2.15e-08,T
2.16e-08,T
2.91e-08,T
2.09e-08,T
3.63e-09,T
1.28e-08,T
5.31e-09,T
1.33e-08,T
2.13e-08,T
2.09e-08,T
2.05e-08,T
1.17e-08,T
1.18e-08,T
3.84e-09,T
1.16e-08,T
1.19e-08,T
1.16e-08,T
1.13e-08,T
1.2e-08,T
1.18e-08,T
1.19e-08,T
1.06e-08,T
1.07e-08,T
-5.07e-09,T
-4.91e-09,T
1.9e-08,T
2.61e-08,T
1.03e-09,T
1.78e-08,T
1.72e-08,T
2.53e-08,T
1.76e-08,T
9.11e-09,T
1.04e-08,T
1.84e-08,T
1.24e-09,T
1.02e-09,T
1.69e-08,T
1.75e-08,T
1.81e-08,T
2.51e-08,T
9.26e-09,T
2.5e-08,T
3.32e-08,T
3.2e-08,T
3.22e-08,T
1.68e-08,T
3.28e-08,T
3.34e-08,T
2.59e-08,T
3.39e-08,T
4.07e-08,T
4.1e-08,T
4.88e-08,T
4.88e-08,T
4.93e-08,T
4.88e-08,T
4.1e-08,T
4.1e-08,T
4.19e-08,T
4.18e-08,T
3.34e-08,T
4.03e-08,T
4.07e-08,T
4.1e-08,T
4.04e-08,T
4.02e-08,T
5.67e-08,T
3.98e-08,T
4.01e-08,T
3.94e-08,T
4.06e-08,T
2.46e-08,T
2.44e-08,T
2.42e-08,T
2.49e-08,T
3.33e-08,T
2.48e-08,T
2.51e-08,T
9.43e-09,T
1.79e-08,T
1.39e-09,T
8.84e-09,T
-6.95e-09,T
1.67e-08,T
4.22e-10,T
1.64e-08,T
1.64e-08,T
3.22e-08,T
2.45e-08,T
2.48e-08,T
9.81e-09,T
1.69e-09,T
1.02e-08,T
1.04e-08,T
9.65e-09,T
1.65e-08,T
1.61e-08,T
9.02e-09,T
8.7e-09,T
1.63e-08,T
9.21e-09,T
1.78e-08,T
2.57e-08,T
9.19e-09,T
1.7e-08,T
1.64e-08,T
-7.74e-09,T
1.55e-10,T
6.31e-10,T
8.64e-09,T
-7.64e-09,T
9.08e-10,T
8.97e-09,T
4.99e-10,T
1.7e-08,T
2.39e-08,T
1.57e-08,T
8.15e-09,T
1.63e-08,T
7.34e-09,T
1.55e-08,T
1.52e-08,T
6.68e-09,T
6.95e-09,T
1.5e-08,T
-9.28e-09,T
-8.7e-09,T
7.85e-09,T
7.49e-09,T
-8.5e-09,T
1.58e-08,T
2.36e-08,T
-5.42e-10,T
2.22e-08,T
1.47e-08,T
2.35e-08,T
1.61e-08,T
2.5e-08,T
1.72e-08,T
3.27e-08,T
2.48e-08,T
1.66e-08,T
8.19e-09,T
8.46e-09,T
2.46e-08,T
3.33e-08,T
3.36e-08,T
1.77e-08,T
2.58e-08,T
2.53e-08,T
2.48e-08,T
3.21e-08,T
3.19e-08,T
1.58e-08,T
1.61e-08,T
1.62e-08,T
1.64e-08,T
1.64e-08,T
2.53e-08,T
9.61e-09,T
1.75e-08,T
2.62e-08,T
1.83e-08,T
3.48e-08,T
1.79e-08,T
1.7e-08,T
2.53e-08,T
2.45e-08,T
2.46e-08,T
2.43e-08,T
2.44e-08,T
2.43e-08,T
2.45e-08,T
2.45e-08,T
4.04e-08,T
2.43e-08,T
2.5e-08,T
8.97e-09,T
9.49e-09,T
2.54e-08,T
1.82e-08,T
9.66e-09,T
3.3e-08,T
4.05e-08,T
4.09e-08,T
4.09e-08,T
8.37e-09,T
8.25e-09,T
2.35e-08,T
1.61e-08,T
-9.16e-11,T
-8.78e-09,T
6.83e-09,T
2.18e-08,T
2.25e-08,T
6.68e-09,T
2.27e-08,T
2.22e-08,T
5.81e-09,T
1.44e-08,T
1.36e-08,T
5.63e-09,T
-1.9e-09,T
6.8e-09,T
-1.15e-09,T
6.27e-09,T
2.29e-08,T
2.23e-08,T
2.23e-08,T
1.4e-08,T
2.3e-08,T
1.46e-08,T
2.22e-08,T
1.34e-08,T
5.91e-09,T
6.43e-09,T
-7.88e-10,T
7.39e-09,T
-4.75e-10,T
6.9e-09,T
-8.05e-09,T
-1.64e-08,T
7.91e-09,T
1.55e-08,T
-8.8e-09,T
-8.06e-09,T
6.32e-10,T
-7.71e-09,T
-7.44e-09,T
-8.55e-09,T
-8.72e-09,T
7.41e-09,T
-1.32e-09,T
-1.15e-09,T
-8.73e-09,T
-8.19e-09,T
-7.9e-09,T
-8.35e-09,T
-8.87e-09,T
-1.68e-08,T
-9.34e-09,T
-9.14e-09,T
-3.33e-08,T
-2.42e-08,T
-2.36e-08,T
-3.73e-10,T
-2.53e-08,T
-3.34e-08,T
-1.71e-08,T
-3.3e-08,T
-1.58e-08,T
-2.42e-08,T
-2.46e-08,T
-2.43e-08,T
-1.67e-08,T
-2.4e-08,T
-9.09e-09,T
-1.61e-08,T
-8.36e-09,T
-8.26e-09,T
-1.92e-10,T
-7.3e-09,T
-1.45e-08,T
-6.84e-09,T
-6.26e-09,T
2.28e-09,T
-2.22e-08,T
-2.1e-08,T
-2.19e-08,T
-2.93e-08,T
-3e-08,T
-1.38e-08,T
-1.45e-08,T
-1.41e-08,T
-1.49e-08,T
-1.64e-08,T
-1.63e-08,T
-2.44e-08,T
-6.54e-10,T
-5.56e-11,T
-7.58e-09,T
-1.56e-08,T
4.25e-10,T
-1.57e-08,T
-7.91e-09,T
-1.57e-08,T
-2.39e-08,T
-3.97e-08,T
-3.17e-08,T
-3.98e-08,T
-2.42e-08,T
-1.68e-08,T
-9.17e-09,T
-1.73e-08,T
-1.77e-08,T
-8.48e-09,T
-8.57e-09,T
-8.72e-09,T
-6.16e-10,T
-2.46e-08,T
-9.41e-09,T
-9.04e-09,T
-9.09e-09,T
6.94e-09,T
-2.45e-08,T
-1.7e-08,T
-1.32e-09,T
-9.54e-09,T
-1.82e-08,T
-2.56e-08,T
6.04e-09,T
-1.86e-08,T
-1.86e-08,T
-1.06e-08,T
-3.5e-08,T
-2.53e-08,T
-3.26e-08,T
-1.68e-08,T
-2.53e-08,T
-5.23e-10,T
-2.49e-08,T
-9.91e-09,T
-1.05e-09,T
-1.19e-09,T
-1.74e-08,T
-2.04e-09,T
-2.86e-09,T
-1.1e-08,T
-3.15e-09,T
-2.58e-09,T
-3.53e-09,T
-1.91e-08,T
-3.3e-09,T
-2.69e-08,T
-1.82e-08,T
-2.89e-09,T
1.33e-08,T
-1.24e-08,T
-2.02e-08,T
-2.06e-08,T
-2.83e-08,T
-2.75e-08,T
-3.5e-08,T
-1.99e-08,T
-2.04e-08,T
-2.84e-08,T
-2.85e-08,T
-2e-08,T
-2.81e-08,T
-3.55e-08,T
-3.57e-08,T
-4.36e-08,T
-4.38e-08,T
-2.74e-08,T
-2.73e-08,T
-1.95e-08,T
-1.91e-08,T
-2.69e-08,T
-4.32e-08,T
-3.61e-08,T
-2.74e-08,T
-2.71e-08,T
-3.5e-08,T
-4.45e-08,T
-3.49e-08,T
-2.63e-08,T
-4.3e-08,T
-4.26e-08,T
-2.71e-08,T
-1.89e-08,T
-2.55e-08,T
-2.61e-08,T
-2.6e-08,T
-2.55e-08,T
-3.35e-08,T
-3.32e-08,T
-3.33e-08,T
-2.53e-08,T
-1.69e-08,T
-2.41e-08,T
-1.72e-08,T
-9.38e-09,T
-1.7e-08,T
-3.25e-08,T
-2.53e-08,T
-2.53e-08,T
-3.32e-08,T
-2.49e-08,T
-3.17e-08,T
1.67e-10,T
-1.63e-08,T
-1.6e-08,T
-3.96e-08,T
-3.9e-08,T
-3.16e-08,T
-2.4e-08,T
-3.2e-08,T
-3.96e-08,T
-3.06e-08,T
-3.09e-08,T
-1.5e-08,T
-1.49e-08,T
-7.08e-09,T
-2.32e-08,T
-7.81e-09,T
-1.63e-08,T
-1.73e-08,T
-6.83e-10,T
-3.25e-08,T
-1.66e-08,T
-8.84e-09,T
-8.68e-09,T
-8.26e-09,T
-8.04e-09,T
-8.66e-09,T
-1.67e-08,T
-1.67e-08,T
-9.55e-09,T
-2.23e-09,T
-9.91e-09,T
6.44e-09,T
1.53e-08,T
-8.47e-09,T
-2.42e-08,T
-7.85e-09,T
1.58e-08,T
-1.6e-08,T
-1.52e-08,T
-1.47e-08,T
-1.48e-08,T
-1.52e-08,T
1.57e-09,T
-7.17e-09,T
1.7e-08,T
1.68e-08,T
3.09e-10,T
2.5e-10,T
-2.36e-08,T
-8.05e-09,T
5.79e-10,T
1.44e-09,T
1.63e-09,T
9.37e-09,T
-7.38e-09,T
8.13e-09,T
6.9e-10,T
9.49e-09,T
1.29e-09,T
-7.2e-09,T
9e-09,T
-1.55e-08,T
4.77e-10,T
8.94e-09,T
8.62e-09,T
-6.96e-09,T
8.37e-09,T
1.86e-09,T
1.4e-09,T
1.22e-09,T
-6.59e-09,T
-6.54e-09,T
-6.48e-09,T
8.24e-09,T
-7.28e-09,T
-7.81e-09,T
-8.16e-09,T
-4.9e-11,T
-4.34e-10,T
6.89e-10,T
1.65e-08,T
8.02e-09,T
-7.51e-09,T
-7.03e-09,T
2.06e-10,T
7.84e-09,T
-7.43e-09,T
7.9e-10,T
8.87e-09,T
-2.2e-10,T
-8.78e-09,T
7.07e-09,T
1.54e-08,T
1.57e-08,T
8.05e-09,T
1.56e-08,T
7.72e-09,T
7.79e-09,T
7.76e-11,T
8.07e-09,T
-6.32e-10,T
-1.3e-09,T
-1.67e-09,T
-1.7e-08,T
-2.47e-08,T
-3.12e-08,T
-3.95e-08,T
-3.92e-08,T
-2.34e-08,T
-2.36e-08,T
5.86e-10,T
1e-09,T
-7.94e-09,T
-2.37e-08,T
-2.27e-08,T
-7.55e-09,T
9.54e-10,T
-1.48e-08,T
1.49e-09,T
9.94e-09,T
1.58e-09,T
-1.32e-08,T
-1.31e-08,T
-2.12e-08,T
-2.91e-08,T
-1.3e-08,T
-3.75e-08,T
-2.98e-08,T
-3.05e-08,T
-2.99e-08,T
-2.98e-08,T
-1.43e-08,T
-3.01e-08,T
-4.68e-08,T
-1.5e-08,T
1.26e-09,T
-1.45e-08,T
-6.09e-09,T
-1.38e-08,T
-1.39e-08,T
-2.18e-08,T
-3.71e-08,T
-5.98e-09,T
-5.51e-09,T
1.05e-08,T
1.7e-09,T
-1.39e-08,T
-3.73e-08,T
-3.72e-08,T
-2.13e-08,T
3.14e-09,T
1.91e-08,T
-2.18e-08,T
1.01e-08,T
-5.47e-09,T
-1.33e-08,T
-5.59e-09,T
-1.33e-08,T
-1.32e-08,T
-5.51e-09,T
-5.71e-09,T
-1.36e-08,T
-5e-09,T
3.22e-09,T
3.1e-09,T
-5.68e-09,T
-2.19e-08,T
-6.83e-09,T
-6.63e-09,T
1.75e-09,T
2.83e-09,T
9.98e-09,T
-6.5e-09,T
9.37e-09,T
2.65e-09,T
2.6e-09,T
-1.39e-08,T
-2.17e-08,T
-1.4e-08,T
-2.89e-08,T
-2.87e-08,T
-3.01e-08,T
-2.95e-08,T
-2.96e-08,T
-2.95e-08,T
-2.09e-08,T
-2.91e-08,T
-2.17e-08,T
-3.13e-08,T
-3.12e-08,T
-3.99e-08,T
-3.9e-08,T
-3.91e-08,T
-2.37e-08,T
-2.41e-08,T
-3.21e-08,T
-2.38e-08,T
5.38e-10,T
-8e-09,T
-8.74e-09,T
-3.25e-08,T
-2.51e-08,T
-3.26e-08,T
-2.42e-08,T
-2.43e-08,T
-2.4e-08,T
-8.35e-09,T
-2.39e-08,T
-2.38e-08,T
-2.46e-08,T
-2.45e-08,T
-4.04e-08,T
-3.23e-08,T
-2.44e-08,T
-8.08e-09,T
-1.62e-08,T
-1.52e-08,T
-3.09e-08,T
-3.11e-08,T
-7.6e-09,T
-1.48e-08,T
-1.5e-08,T
-3.06e-08,T
-3.07e-08,T
-2.23e-08,T
-1.34e-08,T
-6.24e-09,T
-6.44e-09,T
-2.18e-08,T
-2.13e-08,T
-2.93e-08,T
-3.79e-08,T
-2.25e-08,T
-1.53e-08,T
-7.66e-09,T
-1.61e-08,T
-3.96e-08,T
-7.8e-09,T
-2.49e-08,T
-1.76e-08,T
-2.41e-08,T
-8.34e-09,T
-3.29e-08,T
-1.62e-08,T
-4.85e-08,T
-3.96e-08,T
-1.52e-08,T
-2.34e-08,T
8.16e-09,T
1.77e-10,T
-7.97e-09,T
-7.42e-10,T
-1.59e-08,T
-1.63e-08,T
-1.62e-08,T
-3.2e-08,T
-2.4e-08,T
-3.26e-08,T
-2.76e-10,T
-2.45e-08,T
-3.22e-08,T
-2.42e-08,T
-3.14e-08,T
-3.98e-08,T
-3.96e-08,T
-2.37e-08,T
-3.1e-08,T
-3.23e-08,T
-2.53e-08,T
-1.77e-08,T
-2.6e-08,T
-3.38e-08,T
-4.17e-08,T
-4.86e-08,T
-3.29e-08,T
-3.16e-08,T
-4.05e-08,T
-4.06e-08,T
-1.68e-08,T
-1.73e-08,T
-3.35e-08,T
-3.29e-08,T
-9.49e-09,T
-1.09e-09,T
-1.64e-08,T
-2.31e-08,T
-2.37e-08,T
-2.39e-08,T
-3.15e-08,T
-1.5e-08,T
-3.11e-08,T
-2.25e-08,T
-3.06e-08,T
-2.25e-08,T
-2.26e-08,T
-3.05e-08,T
-2.37e-08,T
-1.53e-08,T
-1.54e-08,T
-1.59e-08,T
-7.18e-09,T
-6.15e-09,T
-1.35e-08,T
-1.36e-08,T
1e-08,T
2.48e-08,T
6.96e-10,T
2.52e-10,T
8.18e-09,T
2.02e-10,T
-7.66e-09,T
-2.44e-08,T
-1.53e-08,T
-1.56e-08,T
-1.65e-08,T
-8.5e-09,T
-4.72e-09,G
-6.07e-09,G
-2.17e-08,G
-3.82e-08,G
-3.82e-08,G
-6.23e-09,G
-1.56e-08,G
6.12e-10,G
-2.44e-08,G
-2.44e-08,G
-2.53e-08,G
-1.75e-08,G
-1.03e-08,G
-3.23e-09,G
4.46e-09,G
-4.59e-09,G
1.87e-08,G
3.1e-09,G
-4.72e-09,G
-5.22e-09,G
-6.08e-09,G
1.01e-08,G
-6.53e-09,G
-1.45e-08,G
-1.48e-08,G
-6.84e-09,G
7.44e-10,G
-1.57e-08,G
-3.29e-08,G
-1.61e-08,G
-2.28e-08,G
-2.22e-08,G
-1.57e-08,G
-1.6e-08,G
-9.52e-09,G
-2.56e-08,G
-1.79e-08,G
-1.05e-08,G
1.3e-08,G
-1.15e-08,G
-1.08e-08,G
5.82e-09,G
-1.13e-08,G
4.67e-09,G
-3.89e-09,G
-2.86e-08,G
-1.25e-08,G
-2.08e-08,G
-2.93e-08,G
-2.95e-08,G
-3.01e-08,G
-2.28e-08,G
-3.95e-08,G
-3.08e-08,G
-2.35e-08,G
-1.53e-08,G
-3.08e-08,G
-2.28e-08,G
-3.12e-08,G
-2.36e-08,G
-2.37e-08,G
-3.21e-08,G
-3.3e-08,G
-1.77e-08,G
-1.78e-08,G
-2.54e-08,G
-2.55e-08,G
-3.28e-08,G
-8.87e-09,G
-8.9e-09,G
-2.46e-08,G
-4.14e-08,G
-4.24e-08,G
-3.56e-08,G
-1.88e-08,G
-3.27e-09,G
-2.68e-08,G
-4.25e-08,G
-1.01e-08,G
-1.01e-08,G
4.8e-09,G
4.33e-09,G
1.13e-08,G
2.72e-09,G
2.51e-09,G
-1.37e-08,G
-2.06e-08,G
-2.84e-08,G
-1.25e-08,G
-2.08e-08,G
-2.81e-08,G
-2.03e-08,G
-2.82e-08,G
-4.54e-09,G
-5.56e-09,G
-4.66e-09,G
-1.28e-08,G
1.06e-08,G
2e-08,G
1.96e-08,G
1.95e-08,G
1.25e-08,G
-3.97e-09,G
2.04e-08,G
1.16e-08,G
3.57e-09,G
-4.63e-09,G
1.9e-08,G
1.1e-08,G
1.09e-08,G
1.02e-08,G
2.48e-08,G
9.65e-10,G
5.46e-11,G
7.95e-09,G
2.32e-08,G
3.91e-08,G
3.11e-08,G
7.09e-09,G
7.5e-09,G
6.88e-09,G
1.36e-08,G
6.07e-09,G
-9.99e-09,G
-9.61e-09,G
-2.51e-08,G
6.21e-09,G
-1.75e-08,G
5.5e-09,G
1.38e-08,G
-1.83e-09,G
-1.68e-09,G
1.46e-08,G
6.24e-09,G
-1.93e-09,G
-9.6e-09,G
-2.66e-08,G
-1.05e-08,G
-9.41e-09,G
-8.81e-09,G
-1.1e-09,G
-9.72e-09,G
5.87e-09,G
2.16e-08,G
6.15e-09,G
1.39e-08,G
-1.86e-08,G
-2.7e-08,G
-1.86e-08,G
5.41e-09,G
5.63e-09,G
5.24e-09,G
-2.62e-09,G
-3.14e-09,G
-1.05e-08,G
2.16e-08,G
2.15e-08,G
-2.46e-09,G
-1.05e-08,G
5.3e-09,G
4.8e-09,G
-2.77e-09,G
5.61e-09,G
-2.39e-09,G
-3.06e-09,G
-3.6e-09,G
-5.34e-09,G
-1.32e-08,G
3.59e-09,G
-4.94e-09,G
-4.96e-09,G
-5.3e-09,G
-1.3e-08,G
-2.05e-08,G
-4.81e-09,G
1.87e-08,G
2.83e-09,G
1.15e-08,G
1.18e-08,G
1.14e-08,G
-2.03e-08,G
-1.18e-08,G
4.24e-09,G
-2.05e-08,G
-1.26e-08,G
-3.73e-08,G
2.64e-09,G
-1.38e-08,G
2.12e-09,G
9.12e-09,G
8.83e-09,G
9.54e-09,G
8.74e-09,G
-7.41e-09,G
8.79e-09,G
-7.15e-09,G
-7.92e-09,G
1.69e-08,G
9.78e-09,G
1.75e-08,G
1.1e-08,G
-1.33e-08,G
1.88e-09,G
2.58e-08,G
3.26e-08,G
2.01e-10,G
1.06e-09,G
8.51e-09,G
1.65e-08,G
-8.16e-09,G
-7.93e-09,G
-1.58e-08,G
-1.58e-08,G
-1.57e-08,G
-2.33e-08,G
-2.28e-08,G
-3.04e-08,G
-2.17e-08,G
-1.37e-08,G
-1.41e-08,G
1.93e-09,G
-2.25e-08,G
-1.45e-08,G
9.98e-10,G
-6.91e-09,G
-6.82e-09,G
-3.1e-08,G
-7.07e-09,G
9.14e-09,G
-6.6e-09,G
-3.03e-10,G
-3.24e-08,G
-5.86e-11,G
-6.17e-10,G
-8.22e-09,G
-7.81e-09,G
-2.38e-08,G
-1.49e-08,G
-6.35e-09,G
-2.2e-08,G
-1.48e-08,G
-1.5e-08,G
8.67e-10,G
-8.15e-09,G
-1.57e-08,G
7.59e-09,G
-2.15e-10,G
-2.46e-08,G
-3.3e-08,G
-2.55e-08,G
-2.42e-08,G
-3.14e-08,G
-7.44e-09,G
2.39e-08,G
1.64e-08,G
2.44e-08,G
-7.27e-09,G
-1.58e-08,G
-2.42e-08,G
-7.43e-09,G
-1.43e-08,G
-5.99e-09,G
2.54e-08,G
9.42e-09,G
1.64e-08,G
1.71e-08,G
8.92e-09,G
7.89e-09,G
-8.26e-09,G
1.58e-08,G
2.37e-08,G
7.82e-09,G
7.87e-09,G
7.74e-09,G
-8.91e-09,G
-2.47e-08,G
-1.26e-09,G
-1.63e-09,G
-1.06e-09,G
1.47e-08,G
-5.56e-10,G
6.93e-09,G
-8.25e-09,G
-7.43e-09,G
4.53e-10,G
-7.05e-09,G
-7.37e-09,G
-1.53e-08,G
-1.5e-08,G
-7.27e-09,G
-1.55e-08,G
6.06e-10,G
9.57e-10,G
-2.26e-08,G
-1.44e-08,G
-1.55e-08,G
-3.22e-08,G
-3.2e-08,G
-3.21e-08,G
-4.02e-08,G
-3.22e-08,G
-2.53e-08,G
-2.67e-08,G
-2.68e-08,G
-1.8e-08,G
-2.33e-09,G
-2.53e-08,G
-1.46e-09,G
-1.75e-08,G
-1.66e-08,G
-1.61e-08,G
-8.74e-09,G
-1.76e-09,G
-2.52e-08,G
-1.72e-08,G
-1.66e-08,G
-2.48e-08,G
-2.5e-08,G
-5.65e-10,G
-9.36e-09,G
-7.66e-10,G
-7.76e-09,G
-8.52e-09,G
7.31e-09,G
-1.34e-09,G
6.42e-09,G
1.49e-08,G
1.55e-08,G
-1.29e-09,G
1.51e-08,G
7.06e-09,G
2.26e-08,G
1.49e-08,G
1.5e-08,G
1.5e-08,G
5.83e-09,G
2.13e-08,G
5.27e-09,G
1.24e-08,G
1.22e-08,G
2.05e-08,G
2.14e-08,G
-2.67e-09,G
-1.83e-08,G
-1.06e-08,G
-2.68e-08,G
5.84e-09,G
2.17e-08,G
2.17e-08,G
-2.56e-09,G
-2.73e-09,G
2.2e-08,G
2.14e-08,G
2.14e-08,G
2.18e-08,G
6.7e-09,G
-1.32e-09,G
2.26e-08,G
2.28e-08,G
1.46e-08,G
-1.68e-09,G
5.59e-09,G
-2.91e-09,G
2.08e-08,G
-1.04e-08,G
-1.02e-08,G
6.73e-09,G
6.76e-09,G
7.19e-09,G
-8.85e-09,G
-1.14e-09,G
6.83e-09,G
7.51e-09,G
2.32e-08,G
6.63e-09,G
-8.81e-09,G
6.91e-09,G
-1.93e-09,G
5.82e-09,G
6.4e-09,G
3e-08,G
3.02e-08,G
5.91e-09,G
3.74e-08,G
3.78e-08,G
4.62e-08,G
-9.9e-09,G
-1.53e-09,G
-1.8e-08,G
-2.54e-08,G
-1.73e-08,G
-1.86e-09,G
-9.73e-09,G
-2.06e-09,G
-1.05e-08,G
2.15e-08,G
2.22e-08,G
-2.69e-08,G
-3.61e-09,G
5.08e-09,G
4.28e-09,G
3.67e-08,G
-3.16e-09,G
-1.1e-08,G
-1.9e-08,G
1.36e-08,G
1.37e-08,G
-2.61e-08,G
-2.59e-08,G
1.44e-08,G
-2.07e-09,G
2.11e-08,G
4.99e-09,G
-2.48e-09,G
5.16e-09,G
4.62e-09,G
2.82e-08,G
2e-08,G
1.94e-08,G
3.58e-08,G
-4.11e-09,G
3.78e-09,G
2.74e-08,G
1.14e-08,G
-4.63e-09,G
-2.04e-08,G
3.82e-09,G
-3.73e-09,G
-1.98e-08,G
-2.03e-08,G
-2.8e-08,G
4.01e-09,G
-1.93e-08,G
-1.11e-08,G
-1.11e-08,G
4.06e-09,G
-3.83e-09,G
-1.23e-08,G
-2.08e-08,G
1.02e-08,G
2.13e-09,G
2.03e-09,G
-2.14e-08,G
-2.91e-08,G
-2.14e-08,G
-3.64e-08,G
-2.73e-08,G
-1.94e-08,G
4.5e-09,G
-3.73e-09,G
-4.98e-09,G
-4.67e-09,G
-1.25e-08,G
-3.63e-08,G
-2.09e-08,G
-1.36e-08,G
-1.32e-08,G
-1.24e-08,G
-4.44e-09,G
-2.17e-08,G
1.66e-09,G
8.85e-09,G
-6.93e-09,G
-2.27e-08,G
-3.82e-08,G
-4.7e-08,G
-2.22e-08,G
-1.44e-08,G
1.77e-09,G
9.19e-09,G
9.15e-09,G
8.74e-09,G
9.83e-09,G
-5.38e-09,G
1.73e-08,G
2.5e-08,G
2.62e-08,G
1.03e-08,G
1.33e-09,G
-6.27e-09,G
1e-09,G
-1.46e-08,G
-2.22e-08,G
-1.49e-08,G
1.66e-09,G
1.58e-08,G
3.15e-08,G
2.43e-08,G
1.51e-08,G
7.33e-09,G
1.58e-08,G
8.11e-09,G
-3.59e-10,G
7.23e-09,G
1.51e-08,G
2.39e-08,G
3.18e-08,G
1.6e-08,G
1.48e-08,G
3.15e-08,G
7.55e-09,G
1.26e-10,G
1.64e-08,G
1.62e-08,G
-7.63e-10,G
7.35e-09,G
1.51e-08,G
7.07e-09,G
1.51e-08,G
6.54e-09,G
1.42e-08,G
7.43e-09,G
8.14e-09,G
1.63e-08,G
7.31e-10,G
8.71e-09,G
1.59e-08,G
1.57e-08,G
6.82e-09,G
6.84e-09,G
7.08e-09,G
6.51e-09,G
1.5e-08,G
1.47e-08,G
1.52e-08,G
1.5e-08,G
-7.2e-10,G
-9.36e-10,G
2.63e-10,G
-8.95e-09,G
6.6e-09,G
-8.88e-09,G
1.53e-08,G
2.28e-08,G
6.71e-09,G
1.51e-08,G
1.59e-08,G
1.64e-08,G
6.67e-10,G
-1.56e-08,G
-7.35e-09,G
-8.07e-09,G
-8.07e-12,G
-3.49e-10,G
-2.19e-10,G
8.44e-09,G
1.61e-08,G
3.9e-10,G
-7.84e-09,G
8.11e-09,G
1.55e-08,G
7.04e-09,G
-6.22e-10,G
-8.36e-09,G
-8.84e-09,G
-2.13e-09,G
5.72e-09,G
5.85e-09,G
-1.47e-09,G
-2.39e-09,G
1.45e-08,G
5.57e-09,G
1.4e-08,G
-1e-08,G
6.21e-09,G
5.91e-09,G
-1.02e-08,G
-1.19e-09,G
-2.59e-09,G
1.39e-08,G
-1.02e-08,G
-1e-08,G
-2.9e-09,G
-1.07e-08,G
-2.84e-09,G
5.44e-09,G
-9.62e-09,G
-9.71e-09,G
-1.02e-08,G
-2.1e-09,G
-1.01e-08,G
-1.01e-08,G
-9.89e-09,G
-9.86e-09,G
-1.76e-08,G
-1.53e-09,G
1.41e-08,G
1.37e-08,G
1.38e-08,G
1.41e-08,G
1.35e-08,G
1.35e-08,G
1.33e-08,G
1.36e-08,G
1.36e-08,G
-1.82e-08,G
-1.06e-08,G
1.39e-08,G
-1.9e-09,G
-1.06e-08,G
-1.05e-08,G
-2.66e-08,G
-2.31e-09,G
-2.26e-09,G
-2.17e-09,G
-1.07e-08,G
-1.07e-08,G
1.31e-08,G
1.32e-08,G
5e-09,G
2.08e-08,G
5.32e-09,G
1.39e-08,G
1.33e-08,G
4.69e-09,G
2.08e-08,G
-1.91e-09,G
-3.13e-09,G
-1.87e-08,G
-2.63e-08,G
-1.04e-08,G
-1.78e-09,G
-9.36e-09,G
-4.38e-10,G
1.6e-08,G
7.5e-09,G
8.19e-09,G
1.59e-08,G
1.58e-08,G
3.08e-08,G
2.27e-08,G
2.98e-08,G
2.94e-08,G
2.19e-08,G
3.02e-08,G
-1.41e-09,G
3.08e-08,G
4.69e-08,G
2.24e-08,G
2.39e-08,G
3.19e-08,G
1.6e-08,G
3.17e-08,G
2.39e-08,G
4e-08,G
4.83e-08,G
3.93e-08,G
5.52e-08,G
3.99e-08,G
3.2e-08,G
2.49e-08,G
3.26e-08,G
3.17e-08,G
3.21e-08,G
2.32e-08,G
2.45e-08,G
4.82e-08,G
4.07e-08,G
3.26e-08,G
4.95e-08,G
2.5e-08,G
1.76e-08,G
2.55e-08,G
2.55e-08,G
3.33e-08,G
4.11e-08,G
2.39e-08,G
8.97e-09,G
8.99e-09,G
-6.83e-09,G
-1.55e-08,G
-7.89e-09,G
7.63e-09,G
3.14e-08,G
1.59e-08,G
-8.01e-09,G
-1.61e-08,G
-1.98e-10,G
-7e-09,G
-7.25e-09,G
-6.93e-09,G
1.66e-08,G
2.45e-08,G
3.25e-08,G
1.61e-08,G
9.11e-09,G
-6.6e-09,G
4.8e-10,G
3.89e-10,G
-4.03e-10,G
-8.81e-09,G
-2.85e-10,G
-3.85e-10,G
7.96e-09,G
-2.91e-10,G
-8.92e-09,G
7.77e-09,G
7.43e-09,G
-5.76e-10,G
-1.7e-08,G
-1.32e-09,G
6.26e-09,G
6.04e-09,G
-1.49e-09,G
-1.42e-09,G
6.71e-09,G
6.49e-09,G
6.77e-09,G
7.16e-09,G
7.04e-09,G
1.48e-08,G
6.82e-09,G
-1.7e-08,G
6.77e-09,G
6.96e-09,G
-9.06e-09,G
-5.82e-10,G
-4.45e-10,G
-7.83e-09,G
-6.22e-10,G
-1.57e-09,G
-1.62e-09,G
-9.33e-09,G
-1.67e-09,G
6.05e-09,G
-1.02e-09,G
-1.21e-09,G
-1.88e-09,G
6.02e-09,G
-1.13e-09,G
-2.45e-08,G
-9.09e-09,G
-1.73e-08,G
-4.15e-08,G
-2.61e-08,G
-2.57e-08,G
-1.85e-08,G
-1.08e-08,G
-3.03e-09,G
-2.88e-09,G
-1.92e-08,G
-1.09e-08,G
-1.06e-08,G
-2.87e-09,G
-1.11e-08,G
-3.03e-09,G
-1.16e-08,G
-1.07e-08,G
4.84e-09,G
-2.2e-09,G
-1.96e-09,G
-2.61e-08,G
-1.87e-08,G
4.58e-09,G
-1.12e-08,G
-1.08e-08,G
4.86e-09,G
-1.1e-08,G
-3.28e-09,G
-1.08e-08,G
-1.1e-08,G
6.16e-09,G
1.33e-08,G
1.39e-08,G
1.38e-08,G
5.96e-09,G
1.46e-08,G
1.35e-08,G
6.06e-09,G
6.01e-09,G
1.37e-08,G
-3.26e-09,G
-1.17e-08,G
-1.89e-08,G
-2.62e-08,G
-2.62e-08,G
-2.76e-08,G
-1.86e-08,G
-1.06e-08,G
-1.07e-08,G
-1.86e-08,G
-1.92e-08,G
-1.11e-08,G
-2.96e-09,G
-3.48e-08,G
-1.89e-08,G
-1.16e-08,G
-2.78e-08,G
-1.18e-08,G
-1.18e-08,G
3.98e-09,G
-1.94e-08,G
-1.15e-08,G
-1.99e-08,G
-1.91e-08,G
4.5e-09,G
-3.21e-09,G
-1.09e-08,G
-1.2e-08,G
-1.19e-08,G
-2e-08,G
-1.2e-08,G
1.19e-08,G
-3.95e-09,G
3.62e-09,G
3.31e-09,G
-4.81e-09,G
-4.53e-09,G
1.15e-08,G
-5.01e-09,G
-1.26e-08,G
-4.21e-09,G
-4.28e-09,G
-4.5e-09,G
3.77e-09,G
-4.21e-09,G
-1.31e-08,G
1.12e-08,G
1.91e-08,G
-5.05e-09,G
2.93e-09,G
1.03e-08,G
-5.39e-09,G
-1.37e-08,G
-6.42e-09,G
2.38e-09,G
-1.39e-08,G
-2.21e-08,G
-1.39e-08,G
-1.29e-08,G
2.65e-09,G
-2.03e-08,G
-2.02e-08,G
-2.1e-08,G
-2.07e-08,G
2.86e-09,G
-5.49e-09,G
-2.95e-08,G
-1.27e-08,G
-2.17e-08,G
-2.18e-08,G
-1.4e-08,G
2.24e-09,G
1.79e-08,G
9.95e-09,G
-1.5e-08,G
-2.33e-08,G
-2.24e-08,G
-3.89e-08,G
-1.44e-08,G
1.19e-09,G
-6.89e-09,G
1.64e-09,G
-1.46e-08,G
2.45e-09,G
-2.24e-08,G
-1.43e-08,G
-3.15e-08,G
-2.32e-08,G
-2.37e-08,G
-1.6e-08,G
-1.55e-08,G
-2.27e-08,G
-3.08e-08,G
-2.34e-08,G
-3.14e-08,G
-2.23e-08,G
-1.49e-08,G
-3.13e-08,G
-3.88e-08,G
-1.46e-08,G
-2.24e-08,G
-3.08e-08,G
-4.73e-08,G
-4.67e-08,G
-3.06e-08,G
-1.51e-08,G
-2.32e-08,G
-7.58e-09,G
-7.45e-09,G
-2.44e-08,G
-3.19e-08,G
-2.37e-08,G
-2.37e-08,G
-2.4e-08,G
-3.18e-08,G
-1.58e-08,G
-2.29e-08,G
-1.47e-08,G
-6.37e-09,G
-2.33e-08,G
-2.41e-08,G
-1.59e-08,G
-7.76e-09,G
-1.51e-08,G
-1.43e-08,G
-1.48e-08,G
-2.24e-08,G
-1.4e-08,G
-6.2e-09,G
1.85e-09,G
1.98e-09,G
-2.12e-08,G
-1.35e-08,G
-5.23e-09,G
-2.15e-08,G
-1.42e-08,G
-2.26e-08,G
-1.47e-08,G
-1.51e-08,G
-3.92e-08,G
-3.93e-08,G
-1.54e-08,G
-3.12e-08,G
-1.57e-08,G
-7.81e-09,G
-2.33e-08,G
-2.35e-08,G
-2.33e-08,G
-3.12e-08,G
-3.07e-08,G
-3.05e-08,G
-3.11e-08,G
-3.88e-08,G
-4.68e-08,G
-3.14e-08,G
-3.94e-08,G
-3.94e-08,G
-4.78e-08,G
-3.16e-08,G
-1.51e-08,G
-3.09e-08,G
-1.52e-08,G
1.02e-09,G
-6.37e-09,G
-1.52e-08,G
-3.05e-08,G
-3.86e-08,G
-3.86e-08,G
-3.08e-08,G
4.19e-10,G
-1.57e-08,G
-2.36e-08,G
-3.19e-08,G
-2.4e-08,G
-1.56e-08,G
-2.36e-08,G
-2.47e-08,G
-3.12e-08,G
-3.23e-08,G
-3.24e-08,G
-1.62e-08,G
-2.38e-08,G
-3.2e-08,G
-1.57e-08,G
-8.08e-09,G
-3.99e-08,G
-1.55e-08,G
-1.57e-08,G
-2.41e-08,G
-2.46e-08,G
-4.18e-08,G
-4.89e-08,G
-3.34e-08,G
-4.18e-08,G
-3.35e-08,G
-2.61e-08,G
-5.79e-08,G
-4.89e-08,G
-5.67e-08,G
-4.91e-08,G
-3.98e-08,G
-3.16e-08,G
-1.62e-08,G
-2.39e-08,G
-1.66e-08,G
-8.39e-09,G
-6.55e-10,G
-7.38e-10,G
-8.63e-09,G
6.6e-09,G
7.43e-09,G
6.63e-09,G
-9.33e-09,G
2.23e-08,G
7.02e-09,G
-5.72e-10,G
-4.78e-10,G
-8.34e-09,G
-6.02e-10,G
-2.44e-08,G
-6.02e-10,G
-7.9e-09,G
-8.04e-09,G
-4.89e-10,G
-8.14e-09,G
-7.97e-09,G
-3.7e-10,G
-8.77e-09,G
-1.73e-08,G
-5.74e-10,G
-7.98e-09,G
-1.61e-08,G
-1.61e-08,G
-8.41e-09,G
-8.67e-09,G
-6.24e-10,G
-8.57e-09,G
-2.46e-08,G
-1.63e-08,G
-8.69e-09,G
-1.72e-08,G
-1.01e-08,G
-1e-08,G
-9.73e-09,G
-2.25e-09,G
-1.93e-09,G
-9.57e-09,G
-1.74e-08,G
-9.38e-09,G
-1e-08,G
-1.79e-08,G
-1.88e-08,G
-1.88e-08,G
-2.61e-08,G
-1.92e-08,G
-1.16e-08,G
-3.26e-09,G
-1.13e-08,G
-1.92e-08,G
-1.92e-08,G
4.06e-09,G
-4.06e-09,G
-4.17e-09,G
-1.28e-08,G
-2.02e-08,G
-2.78e-08,G
-2.05e-08,G
-2.83e-08,G
-2e-08,G
-2e-08,G
-1.22e-08,G
-5.24e-08,G
-6.04e-08,G
-5.24e-08,G
-4.34e-08,G
-2.76e-08,G
-4.41e-08,G
-3.64e-09,G
-1.93e-08,G
-1.97e-08,G
-2.74e-08,G
-3.51e-08,G
-1.92e-08,G
-4.33e-08,G
-3.55e-08,G
-2.69e-08,G
-1.86e-08,G
-2.54e-09,G
-3.48e-08,G
-1.06e-08,G
-1.96e-08,G
-2.8e-08,G
-1.15e-08,G
-1.16e-08,G
-1.96e-08,G
-2.01e-08,G
-1.18e-08,G
-1.16e-08,G
1.95e-08,G
-3.7e-09,G
-3.33e-09,G
-3.78e-09,G
-3.77e-09,G
-3.55e-09,G
5.01e-09,G
-1.9e-08,G
-1.1e-08,G
-1.12e-08,G
-2.79e-08,G
-1.94e-08,G
-1.89e-08,G
-4e-09,G
-2.79e-08,G
-2.81e-08,G
-3.4e-09,G
-4.15e-09,G
3.09e-09,G
-1.25e-08,G
-1.24e-08,G
4.62e-09,G
-1.98e-08,G
2.07e-08,G
-1.96e-08,G
-4.27e-09,G
3.36e-09,G
-4.22e-09,G
3.99e-09,G
1.14e-08,G
1.11e-08,G
3.64e-09,G
4.14e-09,G
3.3e-09,G
1.08e-08,G
1.13e-08,G
1.98e-08,G
4.23e-09,G
4.49e-09,G
4.14e-09,G
2.07e-08,G
3.64e-08,G
2.89e-08,G
3.63e-08,G
2.81e-08,G
2.81e-08,G
2.78e-08,G
2.76e-08,G
3.58e-08,G
3.55e-08,G
3.57e-08,G
3.47e-08,G
2.73e-08,G
4.32e-08,G
3.51e-08,G
3.5e-08,G
1.93e-08,G
2.8e-08,G
3.67e-08,G
4.46e-08,G
4.47e-08,G
3.65e-08,G
5.16e-08,G
1.89e-08,G
3.52e-08,G
3.48e-08,G
4.31e-08,G
3.53e-08,G
3.5e-08,G
5.19e-08,G
3.57e-08,G
2.04e-08,G
2.04e-08,G
3.58e-08,G
3.65e-08,G
2.86e-08,G
2.8e-08,G
4.45e-08,G
2.83e-08,G
3.49e-08,G
3.51e-08,G
3.51e-08,G
2.67e-08,G
2.69e-08,G
1.97e-08,G
1.93e-08,G
1.14e-08,G
1.96e-08,G
2.77e-09,G
2.85e-09,G
1.13e-08,G
3.79e-09,G
1.19e-08,G
1.16e-08,G
1.14e-08,G
1.95e-08,G
3.36e-09,G
1.99e-08,G
1.98e-08,G
4.33e-08,G
2.69e-08,G
2.02e-08,G
1.15e-08,G
2.04e-08,G
3.42e-09,G
1.11e-08,G
2.74e-08,G
3.56e-08,G
-4.35e-09,G
3.71e-09,G
1.95e-08,G
-1.15e-08,G
-1.29e-08,G
2.91e-09,G
3.09e-09,G
-1.3e-08,G
-5.28e-09,G
-1.3e-08,G
-4.82e-09,G
3.32e-09,G
3.44e-09,G
3.61e-09,G
1.16e-08,G
1.08e-08,G
1.87e-08,G
2.73e-09,G
2.95e-09,G
2.63e-08,G
1.07e-08,G
1.21e-08,G
2.02e-08,G
2.73e-08,G
4.35e-08,G
2.77e-08,G
3.6e-08,G
3.87e-09,G
2.84e-08,G
1.19e-08,G
1.96e-08,G
1.15e-08,G
3.61e-08,G
3.64e-08,G
2.86e-08,G
2.1e-08,G
2.09e-08,G
2.82e-08,G
2.11e-08,G
1.3e-08,G
-3.74e-09,G
1.21e-08,G
1.22e-08,G
4.75e-09,G
-1.08e-08,G
1.41e-08,G
1.35e-08,G
1.32e-08,G
5.24e-09,G
-2.29e-09,G
5.77e-09,G
2.97e-08,G
4.48e-08,G
4.51e-08,G
2.94e-08,G
2.13e-08,G
3.76e-08,G
5.88e-09,G
1.35e-08,G
2.12e-08,G
3.01e-08,G
3.79e-08,G
3.02e-08,G
3e-08,G
3.8e-08,G
5.44e-08,G
4.67e-08,G
4.69e-08,G
5.47e-08,G
3.91e-08,G
6.31e-08,G
4.71e-08,G
3.85e-08,G
4.67e-08,G
4.7e-08,G
4.64e-08,G
5.42e-08,G
7.02e-08,G
7.85e-08,G
6.16e-08,G
6.16e-08,G
5.39e-08,G
7.01e-08,G
3.8e-08,G
5.47e-08,G
5.46e-08,G
6.2e-08,G
6.26e-08,G
7.02e-08,G
7.85e-08,G
5.41e-08,G
6.97e-08,G
5.46e-08,G
6.22e-08,G
5.44e-08,G
5.48e-08,G
6.33e-08,G
6.32e-08,G
5.52e-08,G
4.73e-08,G
6.41e-08,G
7.14e-08,G
7.26e-08,G
8.05e-08,G
7.16e-08,G
4.81e-08,G
5.68e-08,G
5.69e-08,G
4.03e-08,G
3.26e-08,G
4.06e-08,G
4.01e-08,G
4.07e-08,G
5.69e-08,G
7.39e-08,G
1.76e-08,G
6.56e-08,G
5.04e-08,G
4.26e-08,G
4.97e-08,G
5.02e-08,G
3.46e-08,G
3.55e-08,G
2.62e-08,G
3.35e-08,G
4.22e-08,G
2.66e-08,G
9.99e-09,G
2.57e-08,G
2.53e-08,G
1.71e-08,G
2.52e-08,G
9.19e-09,G
-6.75e-09,G
5.14e-10,G
6.53e-10,G
-6.8e-09,G
9.53e-09,G
-6.53e-09,G
8.88e-09,G
-6.65e-09,G
-1.45e-08,G
-2.25e-08,G
-1.36e-08,G
-1.41e-08,G
-3.84e-08,G
-2.12e-08,G
-2.09e-08,G
-1.42e-08,G
1.65e-09,G
-6.77e-09,G
-2.22e-08,G
-3.79e-08,G
-1.46e-08,G
-3.01e-08,G
-2.99e-08,G
-3.79e-08,G
-3.77e-08,G
-2.97e-08,G
-2.17e-08,G
-2.19e-08,G
-2.22e-08,G
-5.91e-09,G
-1.44e-08,G
9.48e-09,G
-6.39e-09,G
1.2e-09,G
1.77e-09,G
1.41e-09,G
-1.54e-08,G
-1.47e-08,G
-2.95e-08,G
-4.98e-09,G
-4.36e-09,G
-1.26e-08,G
-1.3e-08,G
2.39e-09,G
-1.34e-08,G
-4.15e-09,G
-2.09e-08,G
-2.07e-08,G
-5.95e-09,G
-5.94e-09,G
-5.56e-09,G
3.28e-09,G
-5.23e-09,G
-4.67e-09,G
-4.6e-09,G
2.71e-08,G
-5.25e-09,G
1.12e-08,G
-2.93e-08,G
2.44e-09,G
1.03e-08,G
1.8e-08,G
1.19e-09,G
9.59e-09,G
1.87e-09,G
-3.04e-08,G
-3.8e-08,G
-1.44e-08,G
-3.01e-08,G
-3.04e-08,G
-6.49e-09,G
-2.17e-08,G
-2.91e-08,G
-2.88e-08,G
-2.12e-08,G
-2.93e-08,G
-2.15e-08,G
-1.35e-08,G
-2.16e-08,G
-6.47e-09,G
-2.22e-08,G
-3.01e-08,G
-2.2e-08,G
-3.01e-08,G
-3e-08,G
-1.4e-08,G
-3.76e-08,G
-1.42e-08,G
-2.24e-08,G
-3.82e-08,G
-5.38e-08,G
-6.23e-08,G
-6.27e-08,G
-7.12e-08,G
-3.11e-08,G
-6.26e-08,G
-4.61e-08,G
-4.63e-08,G
-4.68e-08,G
-5.42e-08,G
-6.21e-08,G
-5.46e-08,G
-4.67e-08,G
-5.39e-08,G
-3.78e-08,G
-6.26e-08,G
-4.59e-08,G
-3.73e-08,G
-4.56e-08,G
-2.96e-08,G
-3.7e-08,G
-2.13e-08,G
-3.75e-08,G
-2.2e-08,G
-2.15e-08,G
-1.34e-08,G
-5.76e-09,G
2.62e-09,G
-2.05e-08,G
-4.37e-08,G
-4.41e-08,G
-4.37e-08,G
-2.03e-08,G
-6.02e-08,G
-4.52e-09,G
1.13e-08,G
-2.04e-08,G
-2.86e-08,G
-2.09e-08,G
-1.35e-08,G
-2.11e-08,G
-3.73e-08,G
-3e-08,G
-2.22e-08,G
-3.88e-08,G
-3.84e-08,G
-1.53e-08,G
-3.09e-08,G
-3.11e-08,G
-1.47e-08,G
-3.89e-08,G
-1.6e-08,G
-7.71e-09,G
-3.2e-08,G
-4.78e-08,G
-4.76e-08,G
-3.94e-08,G
-3.98e-08,G
-4.1e-08,G
-3.29e-08,G
-3.29e-08,G
-2.53e-08,G
-2.53e-08,G
-3.31e-08,G
-4.85e-08,G
-3.99e-08,G
-6.41e-08,G
-4.83e-08,G
-5.54e-08,G
-4.75e-08,G
-4.74e-08,G
-3.97e-08,G
-3.97e-08,G
-4.8e-08,G
-4.82e-08,G
-3.28e-08,G
-3.27e-08,G
-4.87e-08,G
-5.61e-08,G
-4.05e-08,G
-5.68e-08,G
-5.71e-08,G
-5.71e-08,G
-4.21e-08,G
-4.22e-08,G
-2.65e-08,G
-3.44e-08,G
-3.36e-08,G
-2.53e-08,G
-2.57e-08,G
-3.4e-08,G
-4.3e-08,G
-3.54e-08,G
-3.51e-08,G
-2.68e-08,G
-3.54e-08,G
-3.45e-08,G
-3.52e-08,G
-2.73e-08,G
-2.77e-08,G
-1.1e-08,G
-4.28e-08,G
-5.11e-08,G
-3.51e-08,G
-1.98e-08,G
-3.64e-08,G
-2.76e-08,G
-2.76e-08,G
-2.02e-08,G
-2.05e-08,G
-2.04e-08,G
-1.98e-08,G
-1.96e-08,G
-2e-08,G
-4.41e-08,G
-3.58e-08,G
-2.76e-08,G
-1.97e-08,G
-3.8e-09,G
-1.16e-08,G
-1.15e-08,G
1.29e-08,G
2.19e-08,G
1.31e-08,G
1.26e-08,G
5.57e-09,G
-1.11e-08,G
4.68e-09,G
1.22e-08,G
1.98e-08,G
1.23e-08,G
1.21e-08,G
2.12e-08,G
2.13e-08,G
3.74e-08,G
1.32e-08,G
2.03e-08,G
2.09e-08,G
4.67e-09,G
-1.89e-08,G
-1.83e-08,G
-3.45e-08,G
-1.88e-08,G
-1.04e-08,G
-1.05e-08,G
-1.88e-08,G
-9.76e-09,G
-2.76e-09,G
-3.2e-09,G
-2.02e-08,G
-2.9e-08,G
-2.08e-08,G
-2.06e-08,G
-3.66e-08,G
-2.12e-08,G
-3.85e-08,G
-1.38e-08,G
1.07e-08,G
-1.23e-08,G
-1.19e-08,G
-1.28e-08,G
-2.11e-08,G
-2.87e-08,G
-2.07e-08,G
-2.07e-08,G
-2.94e-08,G
-2.9e-08,G
-2.13e-08,G
-1.37e-08,G
-1.31e-08,G
-2.95e-08,G
-2.16e-08,G
-2.12e-08,G
-1.26e-08,G
-5.32e-09,G
-1.3e-08,G
2.11e-09,G
-5.63e-09,G
-6.09e-09,G
1.72e-09,G
1.54e-09,G
9.35e-09,G
1.2e-09,G
-6.54e-09,G
1.86e-08,G
2.63e-08,G
1.79e-08,G
3.47e-08,G
1.89e-08,G
1.14e-08,G
1.11e-08,G
-5.2e-09,G
-5.03e-09,G
-2.09e-08,G
-4.6e-09,G
-1.32e-08,G
-5.22e-09,G
-1.98e-08,G
-4.17e-09,G
3.91e-09,G
1.13e-08,G
3.69e-09,G
4.33e-09,G
2.9e-08,G
1.33e-08,G
2.09e-08,G
4.93e-09,G
5.12e-09,G
1.37e-08,G
4.38e-09,G
1.16e-08,G
3.51e-09,G
3.4e-09,G
-4.51e-09,G
-1.98e-08,G
4.47e-09,G
3.58e-09,G
2e-08,G
1.22e-08,G
-4.12e-09,G
1.12e-08,G
1.9e-08,G
1.84e-08,G
-4.93e-09,G
-5.15e-09,G
3.61e-09,G
-4.38e-09,G
-2.9e-08,G
-3.08e-08,G
-2.28e-08,G
-2.21e-08,G
-1.45e-08,G
-1.4e-08,G
-6.75e-09,G
-2.23e-08,G
-4.59e-08,G
-2.24e-08,G
-1.43e-08,G
-3.79e-08,G
-2.1e-08,G
-2.14e-08,G
-2.84e-08,G
-2.03e-08,G
-2.88e-08,G
-4.28e-09,G
-5.44e-09,G
-2.03e-08,G
-2.06e-08,G
-2.05e-08,G
-2.87e-08,G
-2.86e-08,G
-3.64e-08,G
-4.45e-08,G
-4.52e-08,G
-3.75e-08,G
-4.56e-08,G
-4.52e-08,G
-3.68e-08,G
-2.85e-08,G
-2.81e-08,G
-2.81e-08,G
-5.21e-08,G
-6.78e-08,G
-8.39e-08,G
-6.08e-08,G
-6.07e-08,G
-2.07e-08,G
-2.86e-08,G
-2.92e-08,G
-2.92e-08,G
-3.78e-08,G
-5.38e-08,G
-5.34e-08,G
-5.42e-08,G
-5.38e-08,G
-6.97e-08,G
-5.4e-08,G
-5.42e-08,G
-5.49e-08,G
-6.33e-08,G
-3.83e-08,G
-3.77e-08,G
-1.39e-08,G
-2.92e-08,G
-1.3e-08,G
-2.92e-08,G
-2.07e-08,G
-3.67e-08,G
-3.64e-08,G
-5.28e-08,G
-5.27e-08,G
-4.5e-08,G
-3.66e-08,G
-6.13e-08,G
-4.59e-08,G
-3.71e-08,G
-5.33e-08,G
-4.58e-08,G
-4.61e-08,G
-6.23e-08,G
-6.18e-08,G
-2.97e-08,G
-2.19e-08,G
-2.92e-08,G
-2.06e-08,G
-2.91e-08,G
-3.73e-08,G
-2.86e-08,G
-6.02e-08,G
-3.66e-08,G
-3.56e-08,G
-3.58e-08,G
-4.38e-08,G
-2.7e-08,G
-2.72e-08,G
-1.91e-08,G
-2.78e-08,G
-2.87e-08,G
-3.67e-08,G
-2.07e-08,G
-2.89e-08,G
-4.5e-08,G
-4.53e-08,G
-5.36e-08,G
-5.36e-08,G
-4.6e-08,G
-4.55e-08,G
-6.13e-08,G
-6.12e-08,G
-5.26e-08,G
-6.93e-08,G
-5.31e-08,G
-4.57e-08,G
-5.39e-08,G
-7.03e-08,G
-7.03e-08,G
-7e-08,G
-6.21e-08,G
-5.39e-08,G
-3.83e-08,G
-2.22e-08,G
-3.04e-08,G
-2.24e-08,G
-2.29e-08,G
-1.49e-08,G
-2.98e-08,G
-2.98e-08,G
-3.74e-08,G
-2.24e-08,G
-2.21e-08,G
-5.32e-09,G
-5.08e-09,G
-2.04e-08,G
-4.27e-09,G
-1.95e-08,G
-1.13e-08,G
-1.18e-08,G
-2.83e-08,G
-1.21e-08,G
-2.06e-08,G
-1.27e-08,G
-1.28e-08,G
-2.15e-08,G
-2.12e-08,G
-2.18e-08,G
-2.95e-08,G
-1.45e-08,G
-2.2e-08,G
-2.15e-08,G
-2.97e-08,G
-5.67e-09,G
-2.9e-08,G
-5.69e-09,G
-1.33e-08,G
-2.07e-08,G
-2.85e-08,G
-1.98e-08,G
4.04e-09,G
-1.95e-08,G
-3.61e-08,G
-2.8e-08,G
-2.77e-08,G
-2.79e-08,G
-1.3e-08,G
-4.6e-08,G
-3.81e-08,G
-2.17e-08,G
-4.67e-08,G
-4.68e-08,G
-7.11e-08,G
-3.88e-08,G
-3.86e-08,G
-3.89e-08,G
-2.25e-08,G
-3.88e-08,G
-5.43e-08,G
-6.24e-08,G
-3.07e-08,G
-5.55e-08,G
-4.73e-08,G
-4.65e-08,G
-4.7e-08,G
-2.4e-08,G
-4.06e-08,G
-5.61e-08,G
-4.85e-08,G
-4.87e-08,G
-4.08e-08,G
-4.91e-08,G
-4.87e-08,G
-5.63e-08,G
-3.95e-08,G
-4.74e-08,G
-2.45e-08,G
-3.29e-08,G
-4.13e-08,G
-4.88e-08,G
-4.96e-08,G
-4.1e-08,G
-4.9e-08,G
-5.7e-08,G
-5.68e-08,G
-5.67e-08,G
-3.29e-08,G
-2.54e-08,G
-5.75e-08,G
-4.93e-08,G
-4.89e-08,G
-3.21e-08,G
-3.26e-08,G
-2.45e-08,G
-4.82e-08,G
-4.84e-08,G
-2.48e-08,G
-4.07e-08,G
-4.02e-08,G
-3.24e-08,G
-4.86e-08,G
-4.11e-08,G
-6.56e-08,G
-8.13e-08,G
-5.84e-08,G
-5.81e-08,G
-3.32e-08,G
-5.8e-08,G
-5.74e-08,G
-5.81e-08,G
-6.6e-08,G
-5.02e-08,G
-3.45e-08,G
-3.39e-08,G
-3.39e-08,G
-4.94e-08,G
-5.64e-08,G
-3.23e-08,G
-1.6e-08,G
-1.68e-08,G
-8.99e-09,G
-4.03e-08,G
-4.89e-08,G
-3.28e-08,G
-9.01e-09,G
-8.23e-10,G
-5.49e-10,G
-1.65e-08,G
-9.42e-09,G
-4.93e-08,G
-4.83e-08,G
-3.21e-08,G
-3.23e-08,G
-3.17e-08,G
1.68e-11,G
-2.44e-08,G
-2.4e-08,G
-8.07e-09,G
-7.91e-09,G
-2.4e-08,G
-1.69e-08,G
-2.48e-08,G
-1.68e-08,G
-4.03e-08,G
-4.85e-08,G
-5.63e-08,G
-4.8e-08,G
-5.61e-08,G
-3.25e-08,G
-5.72e-08,G
-3.36e-08,G
-3.35e-08,G
-8.9e-09,G
-9.44e-09,G
-8.88e-09,G
-8.38e-09,G
8.4e-09,G
-2.36e-08,G
-3.21e-08,G
-2.42e-08,G
-3.21e-08,G
-3.23e-08,G
-1.55e-08,G
-1.62e-08,G
-1.64e-08,G
-3.2e-08,G
-2.43e-08,G
-4.82e-08,G
-4.76e-08,G
-3.23e-08,G
-3.24e-08,G
-7.51e-09,G
-3.2e-08,G
-3.3e-08,G
-2.47e-08,G
-2.44e-08,G
-1.72e-08,G
-1.71e-08,G
-2.53e-08,G
-2.49e-08,G
-3.16e-08,G
-2.37e-08,G
-1.59e-08,G
-2.36e-08,G
-2.42e-08,G
-3.22e-08,G
-2.43e-08,G
-2.36e-08,G
-2.42e-08,G
-2.46e-08,G
-4.05e-08,G
-1.63e-08,G
-2.5e-08,G
-1.76e-08,G
-1.74e-08,G
-4.16e-08,G
-4.2e-08,G
-1.74e-08,G
-4.12e-08,G
-3.33e-08,G
-5.71e-08,G
-4.14e-08,G
-3.42e-08,G
-5.02e-08,G
-4.96e-08,G
-4.88e-08,G
-5.66e-08,G
-5.67e-08,G
-5.01e-08,G
-4.31e-08,G
-4.24e-08,G
-4.98e-08,G
-4.96e-08,G
-7.32e-08,G
-6.63e-08,G
-4.35e-08,G
-6.68e-08,G
-7.5e-08,G
-5.08e-08,G
-5.95e-08,G
-5.87e-08,G
-7.54e-08,G
-8.35e-08,G
-9.08e-08,G
-8.29e-08,G
-6.58e-08,G
-8.22e-08,G
-8.93e-08,G
-9.76e-08,G
-9.61e-08,G
-8.09e-08,G
-5.66e-08,G
-4.82e-08,G
-4.07e-08,G
-4.92e-08,G
-7.31e-08,G
-7.37e-08,G
-5.83e-08,G
-4.28e-08,G
-2.7e-08,G
-5.1e-08,G
-2.69e-08,G
-1.81e-08,G
-3.46e-08,G
-1.85e-08,G
-4.2e-08,G
-5.74e-08,G
-9.43e-09,G
-3.36e-08,G
-5.81e-08,G
-4.16e-08,G
-2.61e-08,G
-1.72e-09,G
-1.78e-08,G
-1.8e-08,G
-2.52e-08,G
-3.36e-08,G
-2.65e-08,G
-1.02e-08,G
-1.82e-08,G
-2.67e-08,G
-2.66e-08,G
-3.48e-08,G
-2.62e-08,C
1.98e-08,C
-5.15e-09,C
-2.18e-08,C
-5.98e-09,C
-1.38e-08,C
-7.28e-09,C
2.83e-11,C
-2.47e-08,C
-1.69e-08,C
-2.43e-08,C
-1.66e-08,C
-2.46e-08,C
-2.56e-08,C
-2.6e-08,C
-2.64e-08,C
-1.79e-08,C
-1.86e-08,C
-9.7e-09,C
-2.57e-08,C
-3.35e-08,C
-1.88e-08,C
-3.61e-09,C
-3.88e-09,C
3.94e-09,C
-4.56e-09,C
-4.45e-09,C
-2.14e-08,C
-1.43e-08,C
-6.26e-09,C
1.19e-09,C
-6.54e-09,C
-1.47e-08,C
-2.26e-08,C
-2.23e-08,C
-6.89e-09,C
-1.5e-08,C
-1.51e-08,C
-2.29e-08,C
-1.48e-08,C
-6.93e-09,C
-1.49e-08,C
8.63e-09,C
8.53e-09,C
5.74e-10,C
2.24e-10,C
-2.37e-08,C
-2.39e-08,C
-8.59e-09,C
-1.67e-08,C
7.62e-09,C
-6.29e-10,C
1.85e-10,C
7.74e-09,C
-8.5e-09,C
5.95e-11,C
-8.18e-09,C
-8.97e-09,C
-8.87e-09,C
-1.06e-09,C
-1.67e-08,C
-1.69e-08,C
-1.65e-08,C
-8.64e-09,C
-2.5e-08,C
-2.57e-08,C
-2.6e-08,C
-2.64e-08,C
-2.7e-08,C
-1.8e-08,C
-1.13e-08,C
-1.95e-08,C
-4.01e-09,C
1.11e-08,C
-1.39e-08,C
-5.79e-09,C
2.46e-09,C
-5.95e-09,C
-6.92e-09,C
-6.86e-09,C
1e-09,C
-1.6e-08,C
-1.67e-08,C
-1.27e-09,C
6.66e-09,C
-1.44e-09,C
-1.66e-09,C
6.37e-09,C
-1.94e-09,C
1.39e-08,C
6.26e-09,C
1.42e-08,C
6.25e-09,C
-1.77e-09,C
5.97e-09,C
1.41e-08,C
1.54e-08,C
6.87e-09,C
6.6e-09,C
1.5e-08,C
1.44e-08,C
1.44e-08,C
1.44e-08,C
6.45e-09,C
7.26e-09,C
-9.42e-09,C
-9.7e-09,C
-1.01e-08,C
-3.34e-09,C
-3.1e-09,C
5.43e-09,C
1.31e-08,C
-1.05e-08,C
1.36e-08,C
-1.07e-08,C
1.28e-08,C
5.46e-09,C
1.36e-08,C
-2.41e-09,C
-1.97e-09,C
1.36e-08,C
2.12e-08,C
1.28e-08,C
4.68e-09,C
1.24e-08,C
1.98e-08,C
1.16e-08,C
1.15e-08,C
1.05e-08,C
1.08e-08,C
1.01e-08,C
2.59e-09,C
-4.97e-09,C
3.05e-09,C
3.07e-09,C
3.19e-09,C
2.6e-09,C
-6.52e-09,C
-5.59e-09,C
-5.24e-09,C
1.97e-09,C
-6.04e-09,C
1.32e-09,C
1.82e-09,C
2.61e-09,C
1.01e-08,C
9.55e-09,C
2.92e-10,C
-6.35e-09,C
1.34e-09,C
-2.27e-08,C
-2.3e-08,C
-2.29e-08,C
-1.45e-08,C
-1.47e-08,C
-1.49e-08,C
-2.25e-08,C
-1.48e-08,C
5.66e-11,C
-1.54e-08,C
-6.8e-09,C
1.31e-10,C
-7.33e-09,C
-2.36e-08,C
-2.39e-08,C
-1.54e-08,C
-2.32e-08,C
-2.29e-08,C
-7.39e-09,C
-1.46e-08,C
-1.47e-08,C
-6.55e-09,C
-3.11e-08,C
-2.38e-08,C
-3.23e-08,C
-4.01e-08,C
-1.69e-08,C
-2.9e-10,C
-2.46e-08,C
-9.49e-09,C
-1.8e-08,C
5.98e-09,C
1.39e-08,C
1.42e-08,C
2.2e-08,C
-1.95e-09,C
-1.06e-08,C
5.42e-09,C
1.39e-08,C
5.7e-09,C
6.41e-09,C
6.66e-09,C
-1.25e-09,C
2.25e-08,C
2.99e-08,C
2.11e-08,C
2.97e-08,C
1.41e-08,C
1.35e-08,C
2.16e-08,C
5.38e-09,C
-2.02e-09,C
1.34e-08,C
6.48e-09,C
-2.3e-09,C
-1.05e-08,C
7.37e-09,C
1.54e-08,C
2.28e-08,C
1.43e-08,C
2.17e-08,C
2.25e-08,C
5.99e-09,C
6.8e-09,C
1.53e-08,C
2.27e-08,C
2.24e-08,C
5.45e-09,C
5.15e-09,C
1.27e-08,C
4.17e-09,C
4.43e-09,C
4.23e-09,C
4.49e-09,C
-3.8e-09,C
4.5e-09,C
1.17e-08,C
1.19e-08,C
1.19e-08,C
3.74e-09,C
1.2e-08,C
-4.29e-09,C
1.29e-08,C
1.22e-08,C
4.18e-09,C
-2.9e-09,C
-3.68e-09,C
4.6e-09,C
2.01e-08,C
4.02e-09,C
-3.59e-09,C
4.24e-09,C
-3.45e-09,C
-4.01e-09,C
-1.22e-08,C
-4.61e-09,C
1.93e-08,C
1.11e-08,C
-4.21e-09,C
4.36e-09,C
-3.76e-09,C
1.15e-08,C
1.9e-08,C
1.1e-08,C
1.09e-08,C
1.11e-08,C
1.88e-08,C
2.65e-08,C
1.83e-08,C
1.86e-08,C
4.21e-08,C
4.17e-08,C
2.65e-08,C
2.65e-08,C
4.23e-08,C
1.79e-08,C
1.83e-08,C
1.83e-08,C
2.66e-08,C
1.04e-08,C
2.6e-08,C
1.02e-08,C
2.56e-08,C
2.65e-08,C
3.51e-08,C
2.65e-08,C
4.27e-08,C
5.12e-08,C
4.36e-08,C
4.36e-08,C
1.99e-08,C
2.88e-08,C
3.64e-08,C
2.84e-08,C
2.83e-08,C
2.09e-08,C
2.8e-08,C
3.59e-08,C
1.98e-08,C
1.98e-08,C
2e-08,C
2.01e-08,C
2.83e-08,C
1.99e-08,C
3.49e-09,C
1.94e-08,C
1.01e-08,C
2.7e-08,C
1.12e-08,C
3.05e-09,C
1.96e-08,C
1.19e-08,C
2.01e-08,C
1.15e-08,C
3.42e-08,C
2.63e-08,C
2.72e-08,C
4.42e-08,C
4.42e-08,C
5.25e-08,C
1.94e-08,C
2.82e-08,C
4.4e-08,C
1.14e-08,C
1.99e-08,C
4.34e-09,C
-5.25e-09,C
2.76e-09,C
1.89e-08,C
1.03e-08,C
1.07e-08,C
3.5e-09,C
2.02e-08,C
1.18e-08,C
1.13e-08,C
-1.26e-08,C
-2.05e-08,C
-2.88e-08,C
-2.09e-08,C
-4.41e-09,C
-4.35e-09,C
-4.71e-09,C
-4.78e-09,C
-1.28e-08,C
-2.07e-08,C
-1.21e-08,C
3.17e-09,C
-4.09e-09,C
2.76e-09,C
1.82e-08,C
-2.19e-08,C
-1.37e-08,C
-1.32e-08,C
-1.38e-08,C
-1.32e-08,C
-2.94e-08,C
-2.09e-08,C
-4.73e-09,C
1.08e-08,C
1.99e-09,C
2.61e-08,C
4.26e-08,C
1.82e-08,C
1.8e-08,C
1.87e-08,C
3.38e-09,C
1.04e-08,C
1.87e-08,C
1.85e-08,C
1.02e-08,C
1.11e-09,C
9.65e-10,C
1.63e-08,C
3.28e-08,C
1.62e-08,C
1.51e-08,C
1.5e-08,C
1.51e-08,C
-1.57e-09,C
6.15e-09,C
6.3e-09,C
6.83e-09,C
3.08e-08,C
2.27e-08,C
3.02e-08,C
3.81e-08,C
2.25e-08,C
1.45e-08,C
2.2e-08,C
1.43e-08,C
6.28e-09,C
1.32e-08,C
-2.93e-09,C
-2.82e-09,C
-1.05e-08,C
1.35e-08,C
2.14e-08,C
5.94e-09,C
5.54e-09,C
-1.1e-08,C
1.26e-08,C
1.23e-08,C
1.25e-08,C
-4.17e-09,C
4.97e-09,C
5.92e-09,C
-2.13e-09,C
-2.3e-09,C
5.37e-09,C
-1.09e-08,C
-3.42e-09,C
-4.49e-09,C
4.4e-09,C
2e-08,C
1.21e-08,C
2.77e-08,C
1.87e-08,C
1.01e-08,C
-5.37e-09,C
3.03e-09,C
2.69e-08,C
1.07e-08,C
1.85e-08,C
3.44e-08,C
1.71e-08,C
9.78e-09,C
2.25e-09,C
3.44e-08,C
3.42e-08,C
3.54e-08,C
2.8e-08,C
3.56e-08,C
1.99e-08,C
2.83e-08,C
2.81e-08,C
2.78e-08,C
2.01e-08,C
2.73e-08,C
1.93e-08,C
1.95e-08,C
1.04e-08,C
3.35e-08,C
1.71e-08,C
2.57e-08,C
1.67e-08,C
3.23e-08,C
3.25e-08,C
2.42e-08,C
8.62e-09,C
4.05e-08,C
4.06e-08,C
3.97e-08,C
4.84e-08,C
4.84e-08,C
3.27e-08,C
2.56e-08,C
2.55e-08,C
2.54e-08,C
3.33e-08,C
3.34e-08,C
2.55e-08,C
1.71e-08,C
1.68e-08,C
1.61e-08,C
2.43e-08,C
8.58e-09,C
1.73e-08,C
1.76e-08,C
3.31e-08,C
3.26e-08,C
1.88e-10,C
8.23e-09,C
2.43e-08,C
7.8e-09,C
-5.97e-10,C
1.58e-08,C
1.53e-08,C
1.55e-08,C
7.59e-09,C
7.33e-09,C
-8.51e-09,C
7.92e-09,C
3.06e-10,C
-1.64e-08,C
-8.23e-09,C
-8.05e-09,C
-3.25e-08,C
-4.06e-08,C
-1.71e-08,C
-3.33e-08,C
-6e-10,C
6.82e-09,C
-2.53e-08,C
-1.74e-08,C
-1.75e-08,C
-1.75e-08,C
-1.43e-09,C
-1.77e-08,C
-2.04e-09,C
-1.06e-08,C
-2.58e-09,C
4.67e-09,C
4.17e-09,C
1.23e-08,C
2.86e-08,C
-2.71e-09,C
5.23e-09,C
-1.16e-08,C
2.09e-08,C
2.84e-08,C
1.18e-08,C
1.09e-08,C
1.14e-08,C
3.75e-09,C
-3.33e-09,C
-3.34e-09,C
4.33e-09,C
-4.51e-09,C
-2.83e-08,C
-2.13e-08,C
-4.77e-09,C
-2.15e-08,C
-2.12e-08,C
3.31e-09,C
3.11e-09,C
-5.97e-09,C
2.73e-08,C
1.15e-08,C
3.52e-09,C
1.15e-08,C
3.34e-09,C
3.21e-09,C
-1.36e-08,C
2.55e-09,C
-1.24e-08,C
1.18e-08,C
1.99e-08,C
3.6e-08,C
2.02e-08,C
3.35e-09,C
-4.32e-09,C
1.98e-08,C
1.95e-08,C
2.77e-08,C
3.55e-08,C
1.9e-08,C
1.09e-08,C
2.69e-08,C
1.93e-08,C
2.87e-09,C
4.36e-08,C
3.6e-08,C
2.06e-08,C
2.77e-08,C
1.86e-08,C
3.46e-08,C
2.61e-08,C
1.04e-08,C
-1.34e-08,C
-4.29e-09,C
-1.23e-08,C
-1.26e-08,C
1.93e-08,C
2.76e-08,C
1.9e-08,C
4.31e-08,C
3.53e-08,C
1.12e-08,C
1.98e-08,C
1.93e-08,C
2.82e-08,C
2.04e-08,C
2.88e-08,C
2.97e-08,C
3e-08,C
1.38e-08,C
2.21e-08,C
1.35e-08,C
1.38e-08,C
1.33e-08,C
2.15e-08,C
2.13e-08,C
2.1e-08,C
2.04e-08,C
3.65e-08,C
2.05e-08,C
2e-08,C
2.07e-08,C
2.91e-08,C
2.87e-08,C
2.9e-08,C
1.4e-08,C
2.15e-08,C
2.06e-08,C
2.79e-08,C
2.83e-08,C
2.07e-08,C
3.7e-08,C
2.88e-08,C
2.95e-08,C
2.19e-08,C
2.2e-08,C
3.79e-08,C
2.19e-08,C
5.21e-09,C
1.32e-08,C
2.07e-08,C
2.86e-08,C
2.91e-08,C
2.87e-08,C
3.75e-08,C
1.37e-08,C
4.67e-09,C
2.06e-08,C
2.03e-08,C
2.88e-08,C
1.24e-08,C
1.33e-08,C
2.94e-08,C
1.29e-08,C
-3.09e-09,C
1.21e-08,C
1.27e-08,C
4e-09,C
2.08e-08,C
1.25e-08,C
2.05e-08,C
-3.51e-09,C
4.05e-09,C
3.65e-09,C
1.89e-08,C
1.06e-08,C
1.86e-08,C
1.82e-09,C
2.64e-09,C
2.7e-09,C
2.39e-09,C
3.23e-09,C
3.08e-09,C
1.86e-08,C
1.22e-08,C
4.26e-09,C
1.17e-08,C
3.87e-09,C
1.19e-08,C
-1.22e-08,C
3.61e-09,C
3.78e-09,C
3.77e-09,C
-4.22e-09,C
-1.18e-08,C
-1.2e-08,C
-2.02e-08,C
-1.99e-08,C
-4.3e-09,C
3.23e-09,C
-5.13e-09,C
1.1e-08,C
-4.45e-09,C
2.96e-09,C
-5.27e-09,C
3.82e-09,C
3.51e-09,C
-3.92e-09,C
-4.61e-09,C
3.13e-09,C
-5.45e-09,C
2.67e-09,C
-5.08e-09,C
-5.03e-09,C
3.51e-09,C
3.75e-09,C
-5.21e-09,C
2.92e-09,C
2.74e-08,C
3.34e-09,C
3.62e-09,C
1.14e-08,C
3.27e-09,C
1.93e-08,C
2.75e-08,C
2.73e-08,C
1.92e-08,C
4.34e-08,C
2.74e-08,C
2.74e-08,C
3.48e-08,C
3.47e-08,C
1.88e-08,C
2.7e-08,C
2.65e-08,C
1.9e-08,C
2.63e-08,C
3.41e-08,C
2.63e-08,C
1.02e-08,C
1.88e-08,C
2.45e-09,C
1.85e-08,C
1.13e-08,C
2.44e-09,C
-4.64e-09,C
-3.98e-09,C
-4.49e-09,C
-3.9e-09,C
3.22e-09,C
1.12e-08,C
1.08e-08,C
-5.02e-09,C
-4.7e-09,C
-3.95e-09,C
4.37e-09,C
1.14e-08,C
1.83e-08,C
-5.57e-09,C
2.63e-08,C
1.85e-08,C
1.1e-08,C
2.68e-08,C
2.92e-09,C
1.08e-08,C
1.1e-08,C
1.88e-08,C
1.11e-08,C
1.06e-08,C
1.89e-08,C
-5.32e-09,C
-5.1e-09,C
1.08e-08,C
2.68e-09,C
-6.09e-09,C
-6.51e-09,C
1.7e-09,C
9.1e-09,C
1.7e-08,C
8.74e-09,C
1.63e-08,C
7.89e-09,C
1.59e-08,C
1.63e-08,C
8.41e-09,C
-7.43e-09,C
1.31e-09,C
-1.47e-08,C
-1.5e-08,C
3.88e-10,C
-7.15e-09,C
-6.7e-09,C
5.85e-10,C
1.27e-09,C
-6.98e-09,C
-7.42e-09,C
7.57e-09,C
3.01e-10,C
8.86e-09,C
9.11e-09,C
-6.59e-09,C
-6.64e-09,C
2.56e-08,C
1.45e-09,C
1.68e-08,C
2.01e-10,C
3.13e-10,C
-8.45e-09,C
-3.69e-10,C
-8.94e-09,C
-6.43e-10,C
7.62e-09,C
-8.69e-09,C
5.82e-11,C
-4.95e-10,C
2.97e-10,C
-2.41e-08,C
-2.54e-08,C
-9.06e-09,C
-1.74e-08,C
-9.56e-09,C
-1.39e-09,C
-8.81e-09,C
6.93e-09,C
1.45e-08,C
6.53e-09,C
6.53e-09,C
-6.53e-10,C
-1.65e-08,C
-8.15e-09,C
-7.81e-09,C
-1.64e-08,C
-1.66e-08,C
-1.66e-08,C
-2.42e-08,C
-1.69e-08,C
-3.21e-08,C
-2.37e-08,C
-3.9e-08,C
-3.19e-08,C
-2.4e-08,C
-5.58e-08,C
-3.91e-08,C
-2.38e-08,C
-3.99e-08,C
-2.39e-08,C
-4.1e-08,C
-3.26e-08,C
-8.3e-09,C
-1.64e-08,C
-2.44e-08,C
-1.58e-08,C
-2.43e-08,C
-8.33e-09,C
-2.43e-08,C
-3.83e-10,C
-1.05e-11,C
-1.59e-08,C
-3.15e-08,C
-3.19e-08,C
-2.39e-08,C
-2.45e-08,C
-1.71e-08,C
-8.46e-09,C
-5.18e-10,C
1.56e-10,C
-1.61e-08,C
-7.19e-09,C
-8.62e-09,C
-8.74e-09,C
-8.88e-09,C
-8.58e-09,C
-2.4e-08,C
-3.32e-08,C
-1.69e-08,C
-2.45e-08,C
-2.39e-08,C
-1.57e-08,C
-3.2e-08,C
-3.22e-08,C
-3.19e-08,C
-2.37e-08,C
-3.14e-08,C
-3.93e-08,C
-2.39e-08,C
-1.56e-08,C
-2.34e-08,C
-7.22e-09,C
9.22e-09,C
1.74e-10,C
-7.27e-09,C
-7.65e-09,C
7.32e-10,C
1.15e-09,C
4.57e-10,C
1.11e-09,C
9.22e-10,C
1.23e-09,C
-6.75e-09,C
-1.47e-08,C
-1.47e-08,C
-2.33e-08,C
-8.39e-09,C
-1.59e-08,C
7.73e-09,C
-7.97e-09,C
-8.25e-09,C
-6.24e-10,C
-7.87e-09,C
7.82e-09,C
-1.16e-10,C
-8.09e-09,C
-3.57e-10,C
6.08e-10,C
-3.8e-10,C
-8.94e-09,C
-8.15e-09,C
-8.52e-09,C
-3.24e-08,C
-8.84e-09,C
-8.85e-09,C
-8.49e-09,C
-1.32e-09,C
-9.43e-09,C
-1.19e-09,C
-1.57e-09,C
-1.43e-09,C
-1.69e-08,C
-1.79e-08,C
-2.57e-08,C
-1.7e-08,C
-1.69e-08,C
-8.33e-09,C
-8.51e-09,C
-2.48e-08,C
-9.03e-09,C
7.22e-12,C
-8.38e-09,C
-8.89e-10,C
7.72e-09,C
-8.07e-09,C
1.62e-08,C
1.15e-10,C
-1.3e-10,C
5.35e-10,C
7.63e-09,C
7.26e-09,C
7.72e-09,C
-9.88e-10,C
7.91e-09,C
2.39e-10,C
1.98e-10,C
-5.49e-10,C
2e-10,C
1.58e-08,C
7.26e-09,C
-2.36e-08,C
9.24e-10,C
7.92e-10,C
-1.5e-08,C
-1.62e-08,C
-8.36e-09,C
-1.64e-08,C
-9.55e-10,C
-8.93e-09,C
-1.39e-09,C
-8.85e-09,C
-1.07e-09,C
-8.3e-09,C
-8.02e-09,C
-9.32e-09,C
6.72e-09,C
-8.51e-10,C
-8.35e-09,C
-3.98e-10,C
1.53e-08,C
1.48e-08,C
7.32e-09,C
6.87e-09,C
-1.22e-09,C
-1.28e-09,C
6.95e-09,C
6.63e-09,C
6.11e-09,C
2.24e-08,C
1.38e-08,C
2.12e-08,C
2.17e-08,C
2.18e-08,C
1.41e-08,C
2.22e-08,C
2.23e-08,C
6.28e-09,C
6.33e-09,C
2.22e-08,C
-1.1e-09,C
7.51e-09,C
7.49e-09,C
-4.21e-10,C
-1.37e-09,C
-1.95e-09,C
6.17e-09,C
-1.05e-08,C
5.33e-09,C
-2.53e-09,C
-1.51e-09,C
-9.12e-09,C
-8.96e-09,C
-1.36e-09,C
-5.87e-10,C
-5.53e-10,C
7.11e-09,C
7.04e-09,C
1.48e-08,C
1.53e-08,C
1.54e-08,C
2.34e-08,C
1.54e-08,C
7.63e-09,C
2.4e-08,C
7.85e-09,C
7.73e-09,C
2.31e-08,C
7.9e-09,C
-8.7e-09,C
-7.01e-11,C
-9.35e-11,C
-1.22e-09,C
7.1e-09,C
2.26e-08,C
3.08e-08,C
1.4e-08,C
1.43e-08,C
3.1e-08,C
3.9e-08,C
3.93e-08,C
5.47e-08,C
4.62e-08,C
5.43e-08,C
4.65e-08,C
3.03e-08,C
5.36e-08,C
5.28e-08,C
6.11e-08,C
5.23e-08,C
2.84e-08,C
3.67e-08,C
3.64e-08,C
2.03e-08,C
3.62e-08,C
2.82e-08,C
2.73e-08,C
1.94e-08,C
1.21e-08,C
1.98e-08,C
1.18e-08,C
1.97e-08,C
1.96e-08,C
3.59e-08,C
3.63e-08,C
3.65e-08,C
3.67e-08,C
2.89e-08,C
2.82e-08,C
2.03e-08,C
2.02e-08,C
3.6e-08,C
2.03e-08,C
2.13e-08,C
2.17e-08,C
2.07e-08,C
1.15e-08,C
4.31e-08,C
5.21e-08,C
3.57e-08,C
3.58e-08,C
3.49e-08,C
2.62e-08,C
5.11e-08,C
5.19e-08,C
5.15e-08,C
5.84e-08,C
6.54e-08,C
6.59e-08,C
4.94e-08,C
5.72e-08,C
5.72e-08,C
4.88e-08,C
3.29e-08,C
5e-08,C
5.02e-08,C
5.09e-08,C
2.55e-08,C
4.12e-08,C
1.69e-08,C
4.06e-08,C
4e-08,C
4.81e-08,C
5.61e-08,C
5.63e-08,C
4.9e-08,C
4.93e-08,C
4.17e-08,C
3.31e-08,C
2.58e-08,C
3.3e-08,C
3.39e-08,C
3.42e-08,C
5.03e-08,C
9.92e-09,C
3.43e-08,C
3.37e-08,C
1.86e-08,C
2.54e-08,C
2.59e-08,C
4.21e-08,C
4.12e-08,C
4.94e-08,C
4.1e-08,C
4.14e-08,C
4.1e-08,C
3.24e-08,C
4.15e-08,C
4.95e-08,C
4.1e-08,C
3.33e-08,C
2.5e-08,C
3.15e-08,C
4.11e-08,C
5.78e-08,C
4.1e-08,C
4.09e-08,C
3.32e-08,C
2.51e-08,C
4.13e-08,C
1.7e-08,C
8.29e-09,C
8.52e-09,C
9.68e-09,C
2.47e-08,C
2.44e-08,C
8.52e-09,C
1.64e-08,C
4.67e-10,C
1.6e-08,C
8.11e-09,C
8.77e-09,C
8.48e-09,C
-7.48e-09,C
8.4e-09,C
8.48e-09,C
1.66e-08,C
8.72e-09,C
7.99e-09,C
-8.7e-09,C
-1.12e-10,C
-7.07e-10,C
-2.12e-10,C
1.46e-08,C
2.3e-08,C
2.31e-08,C
6.99e-09,C
1.6e-08,C
8.58e-09,C
3.24e-08,C
1.64e-08,C
-5.36e-10,C
1.46e-08,C
6.26e-09,C
2.1e-08,C
3.84e-08,C
3.04e-08,C
1.34e-08,C
2.15e-08,C
3e-08,C
1.41e-08,C
2.28e-08,C
1.48e-08,C
2.21e-08,C
3.84e-08,C
3.86e-08,C
2.31e-08,C
3.14e-08,C
3.13e-08,C
1.55e-08,C
3.17e-08,C
2.38e-08,C
3.94e-08,C
3.18e-08,C
3.21e-08,C
3.96e-08,C
3.94e-08,C
5.63e-08,C
4.82e-08,C
3.25e-08,C
4.78e-08,C
2.34e-08,C
2.38e-08,C
3.9e-08,C
3.16e-08,C
4.74e-08,C
3.18e-08,C
3.17e-08,C
4e-08,C
2.38e-08,C
3.18e-08,C
2.39e-08,C
3.11e-08,C
2.37e-08,C
3.17e-08,C
3.18e-08,C
3.15e-08,C
3.14e-08,C
7.35e-09,C
-1.21e-09,C
6.15e-09,C
-1.69e-09,C
1.38e-08,C
5.59e-09,C
5.55e-09,C
1.44e-08,C
2.23e-08,C
1.45e-08,C
1.4e-08,C
1.42e-08,C
-1.77e-09,C
-1.25e-09,C
2.41e-08,C
1.53e-08,C
-9.13e-09,C
-1.71e-08,C
7.71e-09,C
7.53e-09,C
-6.81e-10,C
-1.68e-08,C
-3.21e-08,C
-3.21e-08,C
-3.12e-08,C
-3.16e-08,C
-1.56e-08,C
-8.03e-09,C
-1.59e-08,C
-2.38e-08,C
-4.05e-08,C
-7.73e-09,C
3e-10,C
8.05e-10,C
-1.5e-08,C
-6.94e-09,C
-7.75e-09,C
-1.58e-08,C
-3.13e-08,C
-2.28e-08,C
-3.1e-08,C
-1.62e-08,C
-7.65e-09,C
-3.24e-08,C
-1.64e-08,C
-1.67e-08,C
-2.47e-08,C
-2.47e-08,C
-3.29e-08,C
-3.38e-08,C
-2.58e-08,C
-4.13e-08,C
-4.16e-08,C
-3.33e-08,C
-9.63e-09,C
-3.35e-08,C
-1.02e-08,C
-2.58e-08,C
-1.64e-08,C
-3.22e-08,C
-3.97e-08,C
-5.64e-08,C
-3.25e-08,C
-3.23e-08,C
-7.06e-09,C
-4.83e-08,C
-3.26e-08,C
-2.39e-08,C
-6.38e-08,C
-4.69e-08,C
-6.3e-08,C
-6.25e-08,C
-3.83e-08,C
-5.43e-08,C
-6.22e-08,C
-6.21e-08,C
-5.47e-08,C
-4.79e-08,C
-5.61e-08,C
-4.72e-08,C
-4.06e-08,C
-1.64e-08,C
-2.38e-08,C
-4.68e-08,C
-3.15e-08,C
-3.9e-08,C
-3.93e-08,C
-3.93e-08,C
-3.1e-08,C
-4.69e-08,C
-3.14e-08,C
-4.02e-08,C
-3.94e-08,C
-3.06e-08,C
-3.13e-08,C
-4.75e-08,C
-3.17e-08,C
-4.8e-08,C
-5.54e-08,C
-4.76e-08,C
-3.98e-08,C
-1.54e-08,C
-3.94e-08,C
-3.91e-08,C
-5.48e-08,C
-2.2e-08,C
-2.99e-08,C
-3.71e-08,C
-2.22e-08,C
-4.71e-08,C
-4.74e-08,C
-3.88e-08,C
-3.13e-08,C
-2.36e-08,C
-3e-08,C
-2.27e-08,C
-2.38e-08,C
-3.13e-08,C
-2.38e-08,C
-2.48e-08,C
-1.65e-08,C
-2.49e-08,C
-8.07e-09,C
8.23e-09,C
8.71e-09,C
7.59e-09,C
7.9e-09,C
-7.54e-09,C
8.18e-09,C
7.68e-10,C
8.74e-09,C
-6.93e-09,C
1.69e-08,C
8.52e-09,C
8.95e-09,C
2.51e-08,C
4.15e-10,C
-7.8e-11,C
-3.02e-11,C
1.6e-08,C
1.56e-08,C
8.71e-09,C
8.69e-09,C
3.26e-08,C
8.02e-09,C
1.7e-08,C
1.64e-08,C
9.48e-09,C
2.51e-08,C
3.25e-08,C
1.65e-08,C
2.8e-11,C
1.69e-08,C
1.68e-08,C
1.16e-09,C
3.36e-08,C
1.97e-09,C
-6.49e-09,C
-1.41e-08,C
1.74e-08,C
2.5e-08,C
8.89e-09,C
1.62e-09,C
-6.65e-09,C
-1.54e-08,C
-1.53e-08,C
-2.32e-08,C
-1.5e-08,C
-1.55e-08,C
-3.22e-08,C
-2.36e-08,C
-1.62e-08,C
-3.27e-08,C
-3.36e-08,C
-4.21e-08,C
-4.21e-08,C
-4.27e-08,C
-5.1e-08,C
-5.11e-08,C
-4.35e-08,C
-4.3e-08,C
-3.56e-08,C
-2.71e-08,C
-1.15e-08,C
-1.99e-08,C
-2.74e-08,C
-2.71e-08,C
-3.49e-08,C
-2.74e-08,C
-2.72e-08,C
-2.76e-08,C
-3.48e-08,C
-2.68e-08,C
-1.96e-08,C
-2.61e-08,C
-3.41e-08,C
-4.27e-08,C
-3.47e-08,C
-3.46e-08,C
-3.41e-08,C
-4.21e-08,C
-3.43e-08,C
-2.59e-08,C
-1.84e-08,C
-1.04e-08,C
-1.09e-08,C
-1.15e-08,C
-1.2e-08,C
-2.76e-08,C
-4.34e-08,C
-1.92e-08,C
-2.67e-08,C
-3.1e-09,C
-3.4e-09,C
-1.95e-08,C
-3.52e-08,C
-1.12e-08,C
-1.11e-08,C
-1.86e-08,C
-1.88e-08,C
-1.13e-08,C
-3.52e-09,C
4.3e-09,C
1.25e-08,C
4.28e-09,C
1.99e-08,C
-3.91e-09,C
-2.94e-09,C
1.33e-08,C
1.39e-08,C
1.39e-08,C
5.57e-09,C
5.24e-09,C
-1.11e-08,C
4.84e-09,C
5.21e-09,C
-1.85e-09,C
1.47e-08,C
1.46e-08,C
1.36e-08,C
2.17e-08,C
1.43e-08,C
6.26e-09,C
2.28e-08,C
7.23e-09,C
-1.38e-09,C
-1.28e-09,C
1.48e-08,C
1.52e-08,C
3.26e-08,C
7.9e-09,C
2.33e-08,C
1.61e-08,C
1.62e-08,C
6.72e-12,C
1.63e-08,C
-7.29e-09,C
1.6e-08,C
2.29e-08,C
1.5e-08,C
3.06e-08,C
4.7e-08,C
2.33e-08,C
7.53e-09,C
-2.48e-10,C
3.28e-08,C
1.53e-08,C
-1.4e-09,C
3.17e-08,C
7.04e-09,C
2.24e-08,C
3.91e-08,C
-5.46e-10,C
2.35e-08,C
2.34e-08,C
2.31e-08,C
1.55e-08,C
8.37e-09,C
1.59e-08,C
2.4e-08,C
1.71e-09,C
8.96e-09,C
-8.05e-09,C
2.43e-08,C
-7.25e-09,C
3e-10,C
7.44e-10,C
7.37e-09,C
-1.62e-10,C
1.59e-08,C
7.93e-09,C
7.8e-09,C
7.74e-09,C
-1.28e-09,C
-8.65e-09,C
6.46e-09,C
1.54e-08,C
1.53e-08,C
2.33e-08,C
6.89e-09,C
-8.81e-09,C
-2.46e-08,C
-2.42e-08,C
-1.63e-08,C
-9.13e-09,C
-3.36e-08,C
-1.79e-08,C
-1.08e-08,C
-1.76e-08,C
-1.86e-09,C
-9.16e-09,C
-1.68e-08,C
-2.51e-08,C
-1.66e-08,C
-8.78e-09,C
-2.48e-08,C
-2.49e-08,C
-9.38e-09,C
-9.11e-09,C
-8.93e-09,C
-9.79e-09,C
-9.17e-09,C
-1.76e-08,C
-3.37e-08,C
-2.57e-08,C
-2.54e-08,C
-2.55e-08,C
-1.03e-08,C
-2.63e-08,C
-3.41e-08,C
-1.94e-08,C
-2.68e-08,C
-4.2e-08,C
-2.68e-08,C
-2.7e-08,C
-2.72e-08,C
-1.87e-08,C
-1.81e-08,C
-1.84e-08,C
-3.43e-08,C
-3.37e-08,C
-9.89e-09,C
-1.78e-08,C
-2.64e-08,C
-1.74e-08,C
-1.78e-08,C
-2.57e-08,C
-1.08e-08,C
-2.6e-08,C
-4.21e-08,C
-2.57e-08,C
-2.54e-08,C
-3.33e-08,C
-1.74e-08,C
-2.53e-08,C
-3.34e-08,C
-8.76e-09,C
-9.69e-09,C
-9.35e-09,C
-2.48e-08,C
-4.13e-08,C
-4.05e-08,C
-3.37e-08,C
-2.5e-08,C
-8.52e-09,C
-8.3e-09,C
-1.66e-08,C
-3.27e-08,C
-2.48e-08,C
-2.07e-10,C
-7.95e-09,C
-1.64e-08,C
-1.65e-08,C
-2.4e-08,C
-1.56e-08,C
2.73e-10,C
-7.73e-09,C
7.6e-10,C
3.43e-10,C
-2.38e-08,C
-1.6e-08,C
-2.32e-08,C
-3.2e-08,C
-3.16e-08,C
-1.48e-08,C
-2.24e-08,C
-6.97e-09,C
-7.21e-09,C
1.2e-09,C
9.38e-09,C
-2.21e-08,C
8.56e-09,C
-7.98e-09,C
-7.4e-09,C
-8.52e-09,C
-1.11e-09,C
-2e-10,C
-3.37e-10,C
-7.96e-09,C
-1.64e-08,C
1.62e-08,C
8.66e-09,C
9.61e-10,C
-7.29e-09,C
-1.51e-08,C
-5.77e-09,C
-5e-09,C
2.75e-09,C
1.04e-08,C
2.66e-08,C
-5.4e-09,C
3.1e-09,C
-4.38e-09,C
-1.22e-08,C
-4.29e-09,C
3.84e-09,C
3.7e-09,C
4.33e-09,C
1.09e-08,C
-1.27e-08,C
-2.85e-08,C
-2.84e-08,C
-2.12e-08,C
-2.96e-08,C
-1.33e-08,C
-2.05e-08,C
-2.82e-08,C
-2.09e-08,C
-2.1e-08,C
-3.7e-08,C
-2.8e-08,C
-2.81e-08,C
-2.76e-08,C
-3.31e-09,C
-1.95e-08,C
-1.24e-08,C
-1.3e-08,C
-1.33e-08,C
-5.29e-09,C
-5.06e-09,C
-4.67e-09,C
-1.28e-08,C
-1.25e-08,C
-1.23e-08,C
-1.23e-08,C
-4e-09,C
1.14e-08,C
-4.21e-09,C
-4.73e-09,C
-1.42e-08,C
2.25e-09,C
2.18e-09,C
-6.1e-09,C
-1.54e-08,C
-1.56e-08,C
2.54e-10,C
-8.51e-09,C
-1.51e-08,C
-2.26e-08,C
-1.43e-08,C
-3.17e-08,C
-3.07e-08,C
-7.17e-09,C
9e-09,C
9.57e-10,C
2.45e-10,C
8.39e-10,C
1.07e-09,C
-8.36e-09,C
7.95e-09,C
8.59e-09,C
-1.74e-10,C
7.98e-09,C
-8.31e-09,C
-4.7e-10,C
-8.23e-09,C
-8.55e-09,C
-8.09e-09,C
-8.09e-09,C
-8.13e-09,C
-8.14e-09,C
-1.6e-08,C
-1.52e-08,C
-2.43e-08,C
-1.66e-08,C
-8.45e-09,C
-8.99e-09,C
-7.56e-09,C
-1.68e-08,C
-1.78e-08,C
-1.74e-08,C
-8.4e-09,C
-1.73e-08,C
-1.75e-08,C
-9.98e-09,C
-1.73e-08,C
-2.6e-08,C
-1.78e-08,C
-2.56e-08,C
-1.03e-09,C
1.49e-08,C
5.83e-09,C
1.38e-08,C
5.46e-09,C
2.18e-08,C
1.4e-08,C
-1.47e-09,C
-8.39e-10,C
7.83e-09,C
7.97e-09,C
1.58e-08,C
6.96e-09,C
2.31e-08,C
1.54e-08,C
-8.93e-09,C
-1.65e-09,C
-9.56e-10,C
3.16e-10,C
-7.83e-09,C
-8.18e-09,C
-7.69e-09,C
-8.08e-09,C
-8.43e-09,C
-1.3e-10,C
-7.64e-09,C
-8.04e-09,C
-1.63e-08,C
-8.06e-09,C
3.96e-10,C
5.62e-10,C
-6.39e-09,C
-7.93e-09,C
-7.97e-09,C
-1.54e-08,C
-1.53e-08,C
-1.55e-08,C
-1.56e-08,C
-7.98e-09,C
-1.52e-08,C
8.37e-09,C
-7.68e-09,C
-4.02e-08,C
-2.42e-08,C
-1.65e-08,C
-9.4e-09,C
-3.29e-08,C
-3.27e-08,C
-3.23e-08,C
-1.69e-08,C
-1.72e-08,C
-1.68e-08,C
-1.62e-08,C
-8.26e-09,C
-1.68e-08,C
-8.64e-09,C
-1.7e-08,C
-2.54e-08,C
-2.51e-08,C
-2.57e-08,C
-2.49e-08,C
-9.03e-09,C
-1.25e-09,C
-5.98e-10,C
-1.72e-08,C
-1.74e-08,C
-1.74e-08,C
-1.38e-09,C
7.16e-09,C
-9.72e-11,C
-8.12e-09,C
-8.4e-09,C
1.18e-10,C
7.99e-09,C
1.62e-08,C
8.01e-09,C
-1.53e-10,C
7.97e-09,C
-8.6e-09,C
-8.12e-09,C
8.11e-09,C
-1.19e-10,C
7.02e-09,C
2.35e-08,C
-2.87e-10,C
-9.2e-09,C
6.11e-09,C
-9.88e-09,C
-1.01e-08,C
-2.13e-09,C
-1.85e-08,C
1.26e-08,C
-9.76e-09,C
6.85e-09,C
-1.79e-09,C
-1.91e-09,C
-1.21e-09,C
6.67e-09,C
-1.2e-09,C
-1.78e-08,C
5.88e-09,C
-1.09e-08,C
4.61e-09,C
-3.76e-09,C
5.02e-09,C
-2.9e-09,C
-3.78e-09,C
-2.11e-08,C
-2.93e-08,C
-2.01e-08,C
-1.99e-08,C
-1.28e-08,C
-2.1e-08,C
-1.34e-08,C
-6.33e-09,C
-1.49e-08,C
-6.46e-09,C
-1.36e-08,C
-1.43e-08,C
-2.11e-08,C
-5.6e-09,C
2.41e-09,C
1.8e-08,C
2.32e-09,C
-4.74e-09,C
-1.32e-08,C
-1.41e-08,C
1.67e-09,C
-1.34e-08,C
-1.34e-08,C
2.63e-09,C
1.87e-09,C
-5.77e-09,C
-7.16e-09,C
-7.42e-09,C
1.12e-09,C
9.8e-10,C
-6.45e-09,C
-6.72e-09,C
-6.62e-09,C
-6.81e-09,C
9.16e-09,C
1.92e-09,C
1.65e-09,C
1.54e-09,C
-6.59e-09,C
-5.82e-09,C
-2.21e-08,C
-1.49e-08,C
-6.22e-09,C
-2.19e-08,C
-2.16e-08,C
-1.39e-08,C
1.79e-08,C
1.03e-08,C
1.86e-08,C
-1.44e-08,C
2.59e-09,C
1.8e-08,C
1.93e-09,C
-6.47e-09,C
2.52e-09,C
1.74e-09,C
-5.91e-09,C
-1.45e-08,C
1.06e-09,C
1e-09,C
-2.25e-08,C
-1.5e-08,C
-1.44e-08,C
-2.2e-08,C
-1.48e-08,C
-2.28e-08,C
-6.47e-09,C
-6.48e-09,C
-6.71e-09,C
-6.5e-09,C
1e-08,C
9.19e-09,C
9.43e-09,C
8.92e-09,C
1.67e-08,C
1.7e-08,C
1.67e-08,C
1.7e-08,C
1.73e-08,C
8.95e-10,C
1.22e-09,C
-6.94e-09,C
1.78e-08,C
1.86e-08,C
1.87e-08,C
9.9e-09,C
3.39e-09,C
1.89e-08,C
1.92e-08,C
1.96e-08,C
2.8e-08,C
1.97e-08,C
2.8e-08,C
1.2e-08,C
-3.7e-09,C
2.14e-08,C
4.69e-09,C
2.89e-08,C
5.29e-09,C
1.31e-08,C
2.11e-08,C
1.27e-08,C
4.16e-09,C
-3.61e-09,C
-2.98e-09,C
-2.85e-09,C
-1.13e-08,C
-1.12e-08,C
4.43e-09,C
5.32e-09,C
4.29e-09,C
-4.25e-09,C
-1.23e-08,C
-3.9e-09,C
-4.02e-09,C
1.22e-08,C
4.57e-09,C
1.26e-08,C
1.19e-08,C
-3.5e-09,C
4.28e-09,C
4.3e-09,C
1.16e-08,C
1.05e-08,C
2.67e-08,C
1.97e-08,C
2.77e-08,C
3.57e-08,C
3.54e-08,C
2.73e-08,C
1.06e-08,C
1.03e-08,C
2.24e-09,C
-4.86e-09,C
2.41e-09,C
3.51e-08,C
3.51e-08,C
3.95e-09,C
4.37e-09,C
2.82e-08,C
2.83e-08,C
2.03e-08,C
1.16e-08,C
1.18e-08,C
1.14e-08,C
2.67e-08,C
1.06e-08,C
1.11e-08,C
1.07e-08,C
-4.84e-09,C
-1.2e-08,C
-1.91e-08,C
-1.17e-08,C
-3.96e-09,C
4.03e-09,C
-4.14e-09,C
-1.25e-08,C
-4.12e-09,C
-1.2e-08,C
-2e-08,C
-2.72e-08,C
-2.75e-08,C
-2.06e-08,C
-3.63e-08,C
-2.74e-08,C
-2.77e-08,C
-2.74e-08,C
-1.96e-08,C
-1.16e-08,C
-2.76e-08,C
-2.78e-08,C
-1.16e-08,C
-2.75e-08,C
-2.79e-08,C
-2.83e-08,C
-2.79e-08,C
-2.05e-08,C
-3.82e-09,C
-1.22e-08,C
-1.96e-08,C
-1.93e-08,C
-1.82e-08,C
-2.64e-08,C
-2.63e-08,C
-3.38e-08,C
-1.89e-08,C
-3.51e-08,C
-1.84e-08,C
-1.73e-08,C
-2.61e-08,C
-1.83e-08,C
-2.71e-08,C
-1.06e-08,C
-2.55e-09,C
5.77e-09,C
-2.3e-09,C
-2.08e-09,C
-2.48e-09,C
-1.05e-08,C
-1.09e-08,C
1.44e-08,C
-9.46e-09,C
1.31e-08,C
-2.88e-09,C
-9.23e-09,C
-1.02e-08,C
-2.64e-08,C
-1.77e-08,C
-1.58e-09,C
-2.67e-09,C
-3.45e-09,C
-3.36e-09,C
-1.14e-08,C
1.29e-08,C
1.32e-08,C
5.47e-09,C
1.31e-08,C
4.54e-09,C
4.52e-09,C
4.69e-09,C
-2.85e-09,C
4.71e-09,C
4.4e-09,C
1.23e-08,C
2.01e-08,C
-1.21e-08,C
-2.67e-09,C
-2.8e-09,C
-2.87e-09,C
-2.79e-09,C
-3.03e-09,C
-9.84e-09,C
-9.63e-09,C
6.79e-09,C
-1.8e-08,C
