F1,Target
-6.23,A
-26,A
0.323,A
-21.1,A
2.86,A
18,A
42.4,A
54.1,A
-31.3,A
-5.31,A
-3.08,A
15.6,A
25.7,A
24.6,A
2.38,A
2.61,A
-35.5,A
13.6,A
5.34,A
-21.7,A
7.9,A
7.47,A
-12.4,A
-6.15,A
-9.93,A
20.2,A
-12.3,A
39.2,A
-8.75,A
-49.8,A
-11.9,A
20.6,A
24.3,A
36.3,A
-19.7,A
2.27,A
-11.8,A
30.4,A
-47.7,A
5.64,A
3.51,A
-2.45,A
-70.2,A
-13.6,A
11.2,A
-32.4,A
-6.57,A
-10.2,A
-8.6,A
-11.8,A
-26.9,A
-29.9,A
7.22,A
-33.2,A
26.9,A
10.1,A
31.4,A
-5.66,A
4.75,A
5.87,A
-39,A
-19.8,A
0.765,A
-14.6,A
38.2,A
8.19,A
-3.34,A
16.5,A
-19.9,A
-37.1,A
34.9,A
35.2,A
19.7,A
-16.1,A
-3.56,A
-18.2,A
-26.6,A
-14.7,A
2.65,A
-18.5,A
-32.6,A
4.84,A
-8.39,A
-60.3,A
22.8,A
-55.1,A
12.7,A
-1.79,A
-26.8,A
-26.9,A
-2.58,A
18,A
3.97,A
-5.59,A
12.4,A
-20.3,A
-18.8,A
-40.2,A
32.4,A
-21.5,A
13.7,A
-4.64,A
-39.4,A
0.768,A
30.4,A
-16.7,A
-16.8,A
8.58,A
-3.34,A
-50.1,A
7.89,A
15.1,A
-12,A
47.3,A
-91.2,A
-26.7,A
20.3,A
-75.5,A
7.56,A
53.3,A
-3.81,A
-96.9,A
10.6,A
-28.9,A
-1.52,A
-65.6,A
23.4,A
-19.8,A
29.1,A
9.07,A
-4.95,A
-30.5,A
29.5,A
9.48,A
-11,A
28.2,A
-47.1,A
-2.41,A
-23.7,A
-3.31,A
11.3,A
11.4,A
23.5,A
-7.36,A
-44.5,A
-10.5,A
47.2,A
-18.7,A
-59.4,A
49.8,A
3.94,A
-36.7,A
-44.9,A
-53.8,A
9.39,A
16.5,A
-17,A
-18.8,A
11,A
-60.7,A
15.7,A
10.8,A
-11.1,A
11.5,A
34.8,A
-4.72,A
7.25,A
-36.3,A
35.1,A
-20.9,A
-6.13,A
-16.4,A
48,A
35.4,A
-11,A
-17.3,A
-11.4,A
-23.2,A
5.02,A
12.1,A
-49.1,A
45.3,A
-91.4,A
45.7,A
-41.3,A
-74.6,A
-8.4,A
-11,A
14.9,A
30.1,A
-13.9,A
-34.6,A
-10.4,A
20.1,A
9.62,A
19.6,A
6.27,A
-11,A
-7.83,A
-10.6,A
18.6,A
-39.2,A
-21.9,A
16.8,A
-65.7,A
-25.1,A
18.4,A
38.3,A
-27.7,A
3.69,A
-40.3,A
0.53,A
7.77,A
-11.5,A
26.8,A
38.7,A
9.15,A
28.3,A
-26.6,A
10.2,A
-47,A
-10.5,A
-24.7,A
-4.82,A
-41,A
13.2,A
23.6,A
-8.69,A
5.4,A
-64.2,A
19.5,A
-30.5,A
11.7,A
-4.02,A
25.7,A
-66.6,A
-3.39,A
27.4,A
4.3,A
5.16,A
-23,A
-81.3,A
-90.7,A
-4.48,A
-32,A
37.9,A
24,A
-24.9,A
1.83,A
-23.9,A
-38.7,A
-42.3,A
-26.3,A
-2.91,A
11.4,A
2.07,A
-10.5,A
-1.74,A
-5.26,A
7.22,A
2.74,A
9.54,A
-12.3,A
-8.29,A
-35.1,A
-18.3,A
45.1,A
-11.2,A
-13.6,A
3.52,A
-35.4,A
-5.91,A
-23.9,A
18,A
-20.3,A
-6.99,A
4.08,A
-34.7,A
-43.5,A
-44.3,A
-11.7,A
-20.1,A
24,A
-6.21,A
-17.9,A
39.1,A
-0.642,A
10.2,A
-40.6,A
26.7,A
-51.5,A
-61.9,A
25.3,A
21.7,A
-54.6,A
18.6,A
12,A
-29.3,A
-59.9,A
-28.7,A
-2.54,A
12.6,A
18.5,A
-3.35,A
5.74,A
12.3,A
-6.11,A
9.51,A
25.3,A
46.8,A
1.92,A
33.8,A
-27.4,A
-60.9,A
-81.8,A
-52.5,A
9,A
9.6,A
24.9,A
15.5,A
-73.7,A
21.2,A
3.84,A
-11.4,A
15.6,A
27.5,A
12.8,A
9.39,A
-11.5,A
25.8,A
-89.8,A
-73.4,A
-28.7,A
1.66,A
4.16,A
1.02,A
-23.9,A
-16,A
6.83,A
-27.7,A
19.4,A
-68.4,A
-0.446,A
-84.2,A
-36,A
-33.6,A
-25,A
15.7,A
54.1,A
18.2,A
11.6,A
16.3,A
5.9,A
35.9,A
-19,A
17.8,A
5.81,A
20.6,A
-97.7,A
-21.2,A
1.1,A
4.16,A
10.4,A
-22.4,A
37.9,A
1.15,A
-45.5,A
-75.8,A
3.86,A
-49.7,A
-16.3,A
-41.6,A
-29,A
23.2,A
-5.78,A
1.07,A
-62.7,A
5.57,A
0.834,A
-18.4,A
-49.2,A
-13.3,A
46.7,A
-68.6,A
-0.966,A
-17.6,A
20.5,A
53.4,A
-15.4,A
-59.7,A
-20.5,A
-11.1,A
26.1,A
-21.2,A
19.6,A
-45.2,A
-51.8,A
0.727,A
-16,A
-4.39,A
-17.2,A
-4.21,A
-54.9,A
29.1,A
-1.94,A
-45.2,A
-10.6,A
-44.7,A
17.8,A
-26.3,A
5.74,A
3.61,A
-44.6,A
-20.9,A
-21.3,A
19.3,A
-11.3,A
-11.3,A
-13.1,A
-25.8,A
-27.3,A
-1.65,A
25.6,A
5.1,A
-48,A
18.5,A
0.79,A
-13.3,A
10.4,A
-3.85,A
-35.1,A
-26.9,A
-12.8,A
7.24,A
6.95,A
33.6,A
0.527,A
-12.1,A
6.32,A
59.7,A
-10.8,A
-20.9,A
-6.18,A
5.13,A
-35.8,A
4.23,A
27.1,A
32.9,A
-37.6,A
-30.1,A
-4.93,A
-45.4,A
10.5,A
6.5,A
-4.18,A
-21.3,A
-3.22,A
7.81,A
28.6,A
-9.56,A
-9.51,A
9.21,A
42,A
19,A
39.4,A
25.6,A
-11.4,A
3.67,A
-10,A
-51.4,A
26.7,A
4.64,A
8.22,A
21.8,A
-89.4,A
24.8,A
12.6,A
42.1,A
3.67,A
7.35,A
14,A
0.781,A
-11.1,A
-1.59,A
18.5,A
8.98,A
-29.4,A
-3.42,A
-36,A
-29,A
-4.31,A
-5.42,A
20.9,A
-43.7,A
8.82,A
-48.3,A
3.67,A
11.3,A
0.0101,A
-99,A
19.9,A
23.8,A
22.8,A
-24.4,A
8.31,A
-0.468,A
-0.143,A
-12,A
-52.4,A
-89.9,A
2.04,A
10.5,A
8.9,A
42.2,A
17.7,A
-6.25,A
6.91,A
-15.8,A
12.7,A
-27.1,A
-0.67,A
-99.1,A
-19.7,A
17.1,A
14,A
9.33,A
4.85,A
10.5,A
1.55,A
-3.43,A
24.1,A
29,A
-5.2,A
-16.3,A
41.2,A
13,A
-8.73,A
-77,A
-25.4,A
23.7,A
10.8,A
-8.97,A
16.8,A
15.6,A
-4.67,A
-2.24,A
-20.9,A
-51.9,A
-61.4,A
60.4,A
-10.5,A
-45.7,A
10.2,A
-44,A
-21.1,A
-50.9,A
-24.4,A
13.4,A
-31.2,A
7.46,A
32.7,A
16.3,A
3.64,A
33.1,A
-57.4,A
30.8,A
-24.7,A
-35.1,A
-18.6,A
-11.1,A
-25.4,A
-16.9,A
-2.33,A
23.1,A
-17.7,A
-47.4,A
-18.5,A
2.95,A
-12,A
-27.1,A
-5.12,A
-58.3,A
14.1,A
-1.74,A
11.4,A
18.6,A
-28,A
-2.54,A
-24.8,A
-11.3,A
11.4,A
19.9,A
-8.77,A
-20.5,A
-15.6,A
-12.2,A
36.3,A
24.6,A
19.2,A
0.0164,A
-26.7,A
24.7,A
-5.84,A
-13.8,A
5.78,A
28.7,A
38.8,A
26.7,A
-17.9,A
-15.2,A
9.5,A
-17.7,A
-27.6,A
1.47,A
10.7,A
-9.84,A
8.94,A
-21.6,A
-30.9,A
-1.9,A
13,A
18.5,A
49.5,A
27,A
-12.7,A
6.65,A
15.4,A
-3.78,A
33.5,A
4.56,A
29.1,A
3.89,A
18.8,A
-35.5,A
-0.569,A
-17.3,A
-40.3,A
-18.3,A
14.8,A
17.5,A
0.021,A
0.915,A
-39.7,A
-10.3,A
-11.3,A
41.1,A
-4.07,A
-81.1,A
-43,A
3.24,A
-18.7,A
-15.3,A
-7.04,A
-13.9,A
1.87,A
-33,A
-11.9,A
-74.1,A
17.8,A
-1.43,A
-23.8,A
1.45,A
3.47,A
-43.4,A
-25.2,A
21.8,A
10.6,A
-19.4,A
22.2,A
0.122,A
-11.2,A
19.3,A
11.4,A
-6.23,A
17.8,A
-32.2,A
19.2,A
-37.1,A
-28.7,A
3.24,A
1.42,A
-27.2,A
5.18,A
26.6,A
-7.21,A
0.944,A
23.3,A
9.63,A
-59.3,A
-28.5,A
62.5,A
-49,A
-21.4,A
-22.5,A
-35.5,A
-18.6,A
27.8,A
-52.1,A
-19.6,A
-13.5,A
-33.7,A
-14.5,A
-4.27,A
-4.94,A
3.1,A
11.2,A
18.1,A
-24.6,A
16.4,A
-19.8,A
5.1,A
4.27,A
-3.85,A
5.12,A
-16.9,A
-5.19,A
1.18,A
-11.2,A
7.38,A
33.8,A
33.8,A
-43.6,A
-16.4,A
-83.1,A
18.5,A
-43.6,A
3.35,A
-10.8,A
-12.3,A
4.38,A
19.3,A
-20.8,A
-26.7,A
-0.00766,A
-10,A
-6.1,A
-7.93,A
4.77,A
-3.04,A
20.6,A
-12.3,A
8.91,A
-0.585,A
3.8,A
-20.5,A
-14.4,A
-34,A
5.22,A
25.5,A
-59.1,A
-8.21,A
-10.9,A
6.97,A
-3.8,A
-1.17,A
12.9,A
-33.6,A
-16.6,A
-29.7,A
17.6,A
3.81,A
-24.6,A
-13.1,A
-34.5,A
2.36,A
16.8,A
-10.4,A
-3.94,A
-31.8,A
-45.8,A
-27.7,A
20,A
1.58,A
52,A
28.4,A
-24.1,A
-4.45,A
-12.1,A
-33.8,A
-14.4,A
-12.7,A
-68.4,A
-11.5,A
-17.4,A
-17.2,A
-12.8,A
-17.7,A
30.3,A
-34,A
7.83,A
15.2,A
-12.4,A
-72.5,A
-59.1,A
16.2,A
18.2,A
39.2,A
10.9,A
-2.82,A
-5.4,A
5.57,A
3.38,A
-3.08,A
0.867,A
-67.5,A
-32.6,A
7.47,A
-37.5,A
12.4,A
-16,A
-67,A
-25.4,A
12.8,A
7.11,A
9.8,A
-35,A
43.3,A
-19.5,A
22.8,A
14.2,A
16.6,A
1.06,A
-18.8,A
-27.7,A
22.5,A
-1.59,A
8,A
26.5,A
5.02,A
-1.37,A
-26.4,A
-57.5,A
9.57,A
-17.5,A
23.6,A
-3.73,A
5.1,A
3.75,A
-3.97,A
-24.1,A
11.1,A
4.23,A
-67.6,A
9.5,A
-7.89,A
-12.9,A
-7.17,A
14.3,A
18.2,A
-19.8,A
10,A
-27.6,A
-21.6,A
20.2,A
38.1,A
11.4,A
15.7,A
41.5,A
10.6,A
3.66,A
2.43,A
-27.8,A
45.8,A
-51.2,A
17.2,A
-2.68,A
33.4,A
-11.5,A
3.48,A
24.4,A
-66.8,A
-37.3,A
-22.2,A
-4.53,A
20.7,A
-99.6,A
19.2,A
-3.32,A
47.6,A
-27.3,A
17.2,A
14.1,A
17.1,A
5.23,A
29.3,A
3.86,A
-99.2,A
-36,A
-37.8,A
27.9,A
-12.1,A
3.47,A
-34.4,A
-30,A
-3.5,A
-69.7,A
-17.3,A
10.7,A
8.23,A
-19.9,A
-17,A
5.11,A
-48,A
-34,A
-40,A
-13.3,A
-19.4,A
5.63,A
-0.107,A
20,A
29.4,A
-37.3,A
-26.9,A
17.1,A
21,A
-16.8,A
6.59,A
31.6,A
-1.01,A
15.5,A
2.7,A
-3.75,A
-1.43,A
19.7,A
2.76,A
-17.8,A
-10.5,A
15.8,A
-21.6,A
12.5,A
-12.3,A
-20,A
60.5,A
51.6,A
-41.4,A
-13.7,A
10.1,A
-26.2,A
-40.1,A
12.9,A
4.18,A
-9.48,A
-18.2,A
-35.6,A
-16.6,A
31.4,A
2.95,A
0.915,A
25.4,A
-33.2,A
18.7,A
11.9,A
-35.6,A
-5.99,A
-28.1,A
52.5,A
-29.4,A
-0.864,A
-56.7,A
-24.2,A
-18.5,A
-3.19,A
29.3,A
-18.7,A
-11,A
-0.00946,A
-13.1,A
3.92,A
-6.34,A
-13.4,A
33.5,A
40.4,A
-20.9,A
10.1,A
-18.1,A
10.5,A
-60.1,A
-3.96,A
-4.44,A
28.9,A
2.52,A
-2.93,A
-42.7,A
-104,A
6.66,A
-26.9,A
-9.68,A
-1.47,A
7.98,A
-7.15,A
27.6,A
-14.6,A
-35.9,A
-15,A
4.8,A
-44.3,A
-0.446,A
-10.4,A
-50.6,A
-6.43,A
-16.4,A
22.9,A
-88.4,A
25.3,A
13.5,A
-8.06,A
-13.5,A
-2.47,A
-29.8,A
0.342,A
-1.01,A
15.1,A
16.9,A
38.8,A
-30.2,A
-9.31,A
-42.6,A
-2.1,A
1.4,A
-29.9,A
36,A
-7.31,A
-32.6,A
31.8,A
-38.5,A
8.83,A
-28,A
-106,A
-12.4,A
-20.7,A
16.6,A
2.41,A
-90.9,A
21.7,A
18.3,A
1.46,A
31.1,A
-51.2,A
15.4,A
3.12,A
-41.9,A
15.4,A
-88.8,A
-4.29,A
13.8,A
-30,A
-30.1,A
-22.2,A
26,A
4.09,A
10.9,A
25.3,A
22.7,A
-16,A
-27.4,A
34.8,A
-29.8,A
2.21,A
21.7,A
8.29,A
-33.6,A
-10.4,A
-24.7,A
-8.4,A
6.88,A
37.4,A
59.9,A
-31.9,A
-13.4,A
6.01,A
37.9,A
-11.8,A
1.14,A
12.3,A
11.1,A
-3.64,A
8.97,A
-26,A
2.48,A
3.89,A
35.9,A
53.7,A
-32.3,A
-18.8,A
-11.3,A
1.66,A
-2.08,A
-20.6,A
-12.3,A
-1.52,A
36.7,A
-42.7,A
-27.4,A
-43.8,A
-33.3,A
-0.456,A
-11,A
42.7,A
-30.7,A
18,A
11.6,A
29.6,A
1.98,A
-6.16,A
5.83,A
41.9,A
10.7,A
27,A
-98.9,A
7.67,A
-14.7,A
8.61,A
9.66,A
-11.1,A
-11.1,A
13.8,A
-4.46,A
-7.24,A
-2.15,A
-27.1,A
24.8,A
-33.9,A
-24.3,A
-50.8,A
-28.1,A
2.64,A
-6,A
-10.6,A
-73.9,A
48.7,A
5.81,A
-18.7,A
-16.8,A
14.6,A
22.4,A
-84.9,A
26,A
-28.3,A
12.8,A
-8,A
-10.7,A
26.4,A
25.5,A
-5.84,A
-28.3,A
-26.2,A
-43.2,A
-74.8,A
32,A
-37,A
-21.9,A
-9.59,A
-51.1,A
8.97,A
-0.0148,A
-24,A
16,A
-21,A
-13.2,A
-17.2,A
-12.9,A
-16.9,A
61.3,A
-14,A
-12.4,A
18.9,A
-10.3,A
3.26,A
6.62,A
36.7,A
6.47,A
-47,A
9.41,A
2.59,A
-42.6,A
-34.3,A
8.09,A
20.6,A
9.44,A
24.4,A
10.1,A
-1.26,A
-3.23,A
11.7,A
-68.3,A
-18.7,A
-6.17,A
-52.5,A
-28.4,A
-19.1,A
26.9,A
-9.95,A
4.92,A
22.3,A
-12.2,A
3.38,A
24.7,A
16.4,A
-17.1,A
-32.5,A
28,A
-21.1,A
-21.2,A
46.9,A
-15,A
31.7,A
-18.7,A
17.9,A
-14.1,A
-4.06,A
-10.5,A
-27.7,A
-30,A
5.99,A
12.1,A
6.08,A
-19.3,A
-26.9,A
4.15,A
-0.106,A
2.26,A
23.9,A
8.28,A
-14.6,A
4.88,A
-82.2,A
-0.867,A
-20.6,A
-19.9,A
6.97,A
-40.1,A
41.4,A
-3.19,A
-33.2,A
20.8,A
-42.2,A
-13.6,A
-12.3,A
-28.7,A
-6.1,A
-3.69,A
-0.181,A
-10.7,A
-89.5,A
-27.4,A
19.3,A
18.4,A
-69,A
27,A
-32.2,A
25.6,A
-19.2,A
-1.52,A
-16.5,A
-9.34,A
10.5,A
-9.91,A
-40.5,A
-4.85,A
28,A
13.2,A
11.2,A
-3.86,A
-11.3,A
30.7,A
-26.5,A
-19.7,A
39,A
7.37,A
59.6,A
-75,A
-10.2,A
-10,A
24.8,A
-20.3,A
31.5,A
68.6,A
-37.9,A
30.6,A
-0.435,A
7.02,A
-25.7,A
10.7,A
-41.1,A
-14.5,A
32.3,A
2.48,A
38.5,A
17.3,A
-3.92,A
-5.32,A
-97.9,A
33.5,A
-16.8,A
-6.38,A
18.1,A
-1.42,A
8.9,A
-51.4,A
33,A
20.5,A
-13.8,A
-58.9,A
-5.63,A
-31.9,A
-17.2,A
19.6,A
-9.89,A
9.95,A
-12.6,A
-82.5,A
-4.82,A
23.9,A
15.6,A
-0.719,A
3.25,A
19.7,A
-44,A
12.5,A
-14.3,A
21.6,A
-5.64,A
32.7,A
-11.1,A
-5.41,A
-18.1,A
-17.8,A
-17.5,A
-7.6,A
-0.0567,A
11.1,A
-37.1,A
23.5,A
14.7,A
-47.3,A
-32.6,A
31.4,A
34.7,A
6.8,A
-99.2,A
-11.8,A
-17.9,A
-12.5,A
-26.1,A
17.3,A
-0.69,A
-12.2,A
-32.5,A
-9.78,A
45.5,A
-20.4,A
-26.5,A
25.2,A
2.67,A
-26.2,A
-19.1,A
-27.4,A
-25.8,A
5.92,A
-42.9,A
-5.15,A
-26.4,A
-45.7,A
0.549,A
10.2,A
13,A
32.8,A
-26.2,A
-4.04,A
60,A
-21.6,A
-4.47,A
5.36,A
-15.5,A
16.9,A
22.4,A
-26.9,A
0.66,A
16.7,A
26.5,A
25.5,A
-1.84,A
18.3,A
-52.1,A
7.65,A
40.8,A
2.51,A
-10.4,A
4.16,A
2.03,A
2.94,A
-12,A
16.8,A
3.3,A
-25.4,A
4.32,A
-3.71,A
-12.7,A
10,A
17.9,A
5.61,A
-27.5,A
-29.3,A
39.4,A
-20.5,A
-15.5,A
-11.6,A
-6.73,A
36.5,A
-7.21,A
-5.47,A
-5.4,A
-24.4,A
17.6,A
12.3,A
-26.9,A
-11.9,A
-11.7,A
7.56,A
3.61,A
21.3,A
-66.3,A
23.6,A
-14.4,A
24.3,A
-17.4,A
-10.8,A
-72.5,A
11.7,A
17,A
-51.6,A
-9.86,A
10.4,A
-2.71,A
-13.9,A
-26,A
7.17,A
-16.1,A
-38.5,A
1.51,A
-25.6,A
-27.9,A
-4.73,A
-1.79,A
-42.4,A
-23.8,A
28.3,A
-49.7,A
-19.5,A
-9.61,A
16.2,A
18.3,A
16.3,A
-26.8,A
-51.7,A
25.8,A
24.4,A
10.3,A
3.42,A
-13.6,A
25,A
-67.3,A
25,A
-26.2,A
-18.4,A
-10.4,A
39.8,A
-9.1,A
2.12,A
23.1,A
-3.28,A
-40.9,A
-1.27,A
-8.94,A
-16.1,A
-19.7,A
-16,A
31.8,A
-32.5,A
36.8,A
6,A
8.5,A
-18.6,A
12.6,A
4.8,A
-13.2,A
-12.8,A
26.1,A
-3.76,A
17.5,A
-14.4,A
30.7,A
24.2,A
1.15,A
-51.5,A
-39.8,A
-7.41,A
-26.9,A
-6.84,A
3.2,A
46.8,A
-11.3,A
-14.6,A
-7.21,A
-0.823,A
-41.2,A
-21.1,A
-28.7,A
-74.1,A
2.4,A
-41.5,A
-24.5,A
1.98,A
15.1,A
-27.5,A
-1.33,A
-5.93,A
-3.55,A
7.27,A
-19.8,A
-5.3,A
-65.5,A
39.6,A
-11.4,A
-39.2,A
6.82,A
-53.9,A
-2.78,A
-19.1,A
-20.3,A
-5.07,A
-25.3,A
-21,A
8.24,A
53.3,A
0.575,A
17.5,A
-36.9,A
16.9,A
-10.2,A
23.5,A
16.9,A
-36.6,A
-40.1,A
24,A
-9.79,A
-1.26,A
17.3,A
-41.9,A
-3.54,A
0.865,A
-35,A
15.9,A
-12.7,A
-59.6,A
8.71,A
-29.3,A
5.26,A
-15.4,A
-49.7,A
19.4,A
-10.6,A
-33.3,A
-2.33,A
-22.2,A
-23.7,A
17.7,A
-19.5,A
40.2,A
1.96,A
-34.6,A
-21.1,A
17.2,A
11,A
-11.1,A
-19.9,A
7.94,A
-33.8,A
8.35,A
-33.5,A
26.8,A
-27.8,A
3.15,A
-29.9,A
6.2,A
-11,A
26.3,A
-13.3,A
-10.5,A
-50,A
-18.4,A
39.9,A
7.57,A
-28.1,A
18.4,A
-23.1,A
12.5,A
-3.24,A
10.3,A
-37.8,A
-29.3,A
1.7,A
38.8,A
23.1,A
21.4,A
-4.28,A
-43.7,A
-2.04,A
13.1,A
48.5,A
-12.1,A
37.6,A
8.95,A
-19.9,A
-15.5,A
-47.8,A
-32.9,A
3.52,A
-12,A
-5.81,A
-5.56,A
-24.6,A
-29.6,A
-7.98,A
23.6,A
4.63,A
11.4,A
15.5,A
-12.4,A
2.34,A
-17.2,A
38.8,A
31.6,A
20,A
5.04,A
18.7,A
-33,A
-3.73,A
-4.09,A
-52.9,A
2.72,A
62,A
10.3,A
-5.92,A
7.46,A
-21.8,A
-13.3,A
-1.67,A
-9.45,A
19.3,A
26.4,A
60,A
-12.1,A
-32.4,A
18.9,A
-11,A
-25.3,A
10.3,A
7.76,A
-17.6,A
-44.8,A
0.136,A
-16.3,A
-2.44,A
3.37,A
-27.1,A
-60.1,A
-21.8,A
17.4,A
-8.21,A
25.8,A
3,A
1.37,A
3.9,A
20.6,A
-15.1,A
12.2,A
-23.5,A
-6.16,A
-16.4,A
-26.8,A
-26.9,A
9.69,A
1.85,A
-0.732,A
30.5,A
-51,A
-4.39,A
14.6,A
1.73,A
8.16,A
-25.4,A
18.3,A
-27.3,A
-10.4,A
-24.8,A
-18.8,A
7.09,A
28.5,A
35,A
1.84,A
0.53,A
-61.1,A
-7.01,A
-30.9,A
-24.8,A
9.72,A
46.6,A
19.5,A
-20,A
-23.6,A
4.02,A
-2.33,A
1.83,A
6.45,A
-5.8,A
11.3,A
23,A
-68.6,A
-20.3,A
-40.8,A
-19.8,A
-30,A
-16.4,A
-45.3,A
-10.3,A
3.41,A
-17.3,A
0.706,A
-20.2,A
-34.4,A
-43.5,A
8.35,A
-19,A
-28.7,A
-16,A
-18.5,A
4.66,A
-14.9,A
-0.261,A
5.16,A
48.6,A
-40.8,A
-34.8,A
-1.61,A
-31.2,A
7.35,A
51.1,A
-21.6,A
16.1,A
-45.8,A
17.9,A
26.1,A
3.86,A
-18.7,A
-13,A
-19.9,A
8.96,A
17.1,A
-52.6,A
-36.3,A
-21.8,A
-21.7,A
26.2,A
11.7,A
-26.7,A
-20.4,A
-10.4,A
-29.3,A
26.8,A
42.9,A
6.63,A
-4.32,A
-10.6,A
-20.4,A
-31.9,A
3.38,A
-17,A
-1.2,A
-12.6,A
-18.2,A
-21.3,A
19.6,A
-29.9,A
4.75,A
3.23,A
26.8,A
-32.6,A
-13.8,A
-27.8,A
-0.651,A
-14,A
-3.62,A
-7.54,A
-12.8,A
-36.7,A
48.6,A
-17.9,A
48.1,A
10.1,A
11.3,A
54.4,A
30.1,A
1.9,A
17,A
-20.5,A
8.64,A
2.8,A
-17,A
-2.24,A
3.83,A
-21.7,A
9.96,A
-2.73,A
-3.96,A
5.4,A
-21.3,A
18,A
-45.1,A
-12.6,A
-10.5,A
-55.3,A
29,A
25.1,A
-8.16,A
-17.6,A
-1.6,A
-12.3,A
37.7,A
27.8,A
30.5,A
54.1,A
-18.7,A
-18.4,A
-8.51,A
31.3,A
-26.7,A
-17.6,A
39,A
32,A
-41.2,A
-83,A
-45.7,A
-39.4,A
21.9,A
14.8,A
24.8,A
-2.13,A
-11.4,A
-58.4,A
15.5,A
6.9,A
-5.01,A
-26.6,A
-20.6,A
-19.1,A
-25.7,A
-76.4,A
-14.5,A
44.6,A
-20,A
18.3,A
11.6,A
-33.8,A
-40.4,A
2.24,A
-58.8,A
-7.52,A
-0.6,A
-80.4,A
13.9,A
-1.63,A
3.35,A
-30.6,A
-60.3,A
-0.104,A
7.66,A
12.3,A
-4.92,A
32.2,A
50.8,A
-42,A
-60.2,A
-25.6,A
-11.6,A
4.01,A
-6.73,A
-15.2,A
66.5,A
-30.7,A
32.2,A
-24.7,A
23.6,A
22,A
-40.8,A
-8.7,A
12,A
-58.8,A
-59.1,A
25.8,A
-11.6,A
-22.8,A
-76.4,A
19.3,A
21.3,A
-61.9,A
-9.25,A
19.8,A
25.2,A
9.33,A
-5.84,A
-34.2,A
52.7,A
-8.64,A
38.5,A
1.43,A
-11.3,A
2.32,A
21.3,A
18.1,A
27.7,A
-3.63,A
-74.5,A
-12.7,A
-3.64,A
-5.97,A
-26.3,A
0.922,A
17.8,A
4.25,A
4,A
-21.4,A
14.9,A
10.3,A
-9.19,A
-1.23,A
-17.5,A
4.15,A
-30.2,A
34.4,A
-20.3,A
-11.1,A
-1.22,A
-17.4,A
35.7,A
-14.8,A
54.1,A
1.59,A
-31,A
-9.9,A
17.6,A
-35.5,A
45.3,A
-5.75,A
-26.9,A
-25.8,A
55.3,A
-80.9,A
0.82,A
9.24,A
35,A
-17.6,A
-14.2,A
24.3,A
2.91,A
-17.2,A
-40.5,A
17.6,A
62,A
-12.6,A
54.4,A
-21.4,A
-22.5,A
-18,A
-9.51,A
-5.76,A
-10.8,A
-55.6,A
-19.8,A
19.9,A
24.7,A
-2.72,A
7.09,A
-1.14,A
13.6,A
4.38,A
12.2,A
-7.17,A
-16.8,A
-64.3,A
0.124,A
36.6,A
-18.6,A
-10.6,A
3.33,A
-57.5,A
29.2,A
-10.8,A
-0.407,A
9.15,A
-17.3,C
-11.4,C
7.82,C
6.96,C
6.49,C
3.07,C
-11.2,C
-16.2,C
8.74,C
41.5,C
-17.2,C
13.1,C
-22.8,C
-25.4,C
-0.467,C
2.63,C
-9.49,C
1,C
-33.7,C
-5,C
20.3,C
4.23,C
51.9,C
-2.17,C
-19.6,C
36,C
-6.49,C
-9.98,C
8.69,C
-10.3,C
1.87,C
38.4,C
-9.84,C
-15.8,C
-7.73,C
28.3,C
5.15,C
7.8,C
3.52,C
7.1,C
25.6,C
32.6,C
-9.06,C
20.5,C
-8.18,C
30.4,C
-18,C
38.9,C
2.95,C
23,C
8.11,C
15.4,C
19.9,C
35.4,C
-20.5,C
-13.3,C
-3.85,C
15.5,C
-42.7,C
-5.06,C
-10.2,C
-1.1,C
-2.8,C
23.4,C
-14.3,C
2.68,C
-39.8,C
17.1,C
15.3,C
9.92,C
-1.38,C
-26.4,C
15.2,C
-8.66,C
4.02,C
19,C
-2.35,C
-23.8,C
-1.39,C
15.4,C
4.6,C
-16.9,C
17.9,C
-31.9,C
43.1,C
-17.9,C
23.1,C
-17.5,C
14.4,C
0.574,C
-32.9,C
2.96,C
11.1,C
5.32,C
-16,C
11.8,C
11,C
0.028,C
5.24,C
-32.9,C
-38.8,C
23.4,C
-8.07,C
-51,C
-11.6,C
8.59,C
-41.3,C
-9.43,C
-2.28,C
-0.162,C
16.3,C
-29.3,C
5.46,C
-6.62,C
-8.46,C
40.6,C
-0.839,C
5.83,C
6.15,C
18.6,C
3.82,C
-13.3,C
-31,C
1.07,C
28.2,C
-13.6,C
0.732,C
-21.6,C
31,C
21.6,C
31.9,C
39.4,C
-4.12,C
26.1,C
31.4,C
22.8,C
-1.91,C
22.5,C
-2.98,C
-24.5,C
31.5,C
-2.48,C
-27.4,C
-26.3,C
7.35,C
2.04,C
22.2,C
-14.5,C
24,C
8.23,C
0.961,C
-0.592,C
21.3,C
10.1,C
-16,C
-39.9,C
-55.8,C
6.11,C
29.7,C
-31,C
31.3,C
22.3,C
-3.51,C
-6.26,C
-20.2,C
14.2,C
-16.4,C
3.74,C
10.4,C
13.9,C
10.1,C
12,C
-21.1,C
21.7,C
0.306,C
10.2,C
18.6,C
4.67,C
-17,C
-33.2,C
-8.4,C
43.6,C
-5.37,C
6.27,C
-20.9,C
22.2,C
4.84,C
-8.6,C
-18,C
6.15,C
-14.1,C
8.62,C
-33.3,C
19.4,C
-30.5,C
15.4,C
36.4,C
-17.3,C
17,C
-15.6,C
-41.6,C
5.55,C
6.95,C
13.3,C
-8.65,C
11.8,C
-7.06,C
7.92,C
2.25,C
10.9,C
-6.1,C
48.4,C
34.3,C
-16.6,C
11.5,C
3.69,C
5.47,C
-12.6,C
-10.3,C
0.0582,C
15.8,C
25.7,C
11.8,C
-10.9,C
41,C
-1.79,C
3.78,C
25.8,C
22.4,C
-25.3,C
5.21,C
-21.1,C
5.33,C
-17.4,C
1.34,C
22.8,C
-13.4,C
4.4,C
2.25,C
0.457,C
-25.3,C
-43.4,C
3.65,C
-8.09,C
11.5,C
-0.905,C
36.4,C
-32.3,C
-8.49,C
-21.3,C
5.94,C
18.6,C
18,C
-35.2,C
-6.81,C
-25.7,C
-56.4,C
0.965,C
-19.9,C
-16.7,C
-26.4,C
19.2,C
-8.59,C
-6.94,C
-16.2,C
-4.47,C
-24.3,C
12.4,C
-0.6,C
0.608,C
18.7,C
5.83,C
-1.28,C
21.8,C
11.7,C
-9.85,C
-17.1,C
-9.03,C
26.7,C
-37.1,C
32.3,C
-18,C
31.5,C
-3.59,C
-11.3,C
15.1,C
17.1,C
11.1,C
33.3,C
21,C
19.5,C
19,C
-13.6,C
-4.32,C
21.2,C
-14.8,C
-3.09,C
-3.61,C
18.6,C
-13.2,C
56.3,C
-10.5,C
-16.5,C
3.27,C
-0.629,C
7.12,C
3.86,C
24,C
-10.9,C
3.5,C
20.3,C
6.67,C
20.1,C
-7.96,C
-20.1,C
-2.71,C
-2.49,C
-33.3,C
47,C
1.2,C
-2.88,C
-0.421,C
1.16,C
3.05,C
0.279,C
-4.78,C
27,C
-0.597,C
-27.2,C
23.5,C
4.17,C
28,C
-18.8,C
-12.8,C
-8.09,C
6.66,C
23.9,C
-3.9,C
-3.45,C
-3.1,C
-0.116,C
-32.1,C
20,C
-1.2,C
-46.8,C
-27.5,C
-15.6,C
26.9,C
-7.75,C
18.6,C
-11.7,C
12.1,C
5.99,C
8.86,C
-15.3,C
-5.27,C
-0.643,C
-14.9,C
40.6,C
2.24,C
-0.694,C
-9.7,C
-39.1,C
-18.4,C
21.2,C
12.1,C
7.57,C
4.43,C
2.46,C
25.5,C
16.9,C
21.4,C
0.00672,C
-8.94,C
-7.39,C
-2.67,C
28.8,C
-32.6,C
14,C
12.7,C
4,C
-3.91,C
-7.73,C
11.5,C
-12.2,C
-31.4,C
52.8,C
-16.4,C
17,C
9.9,C
-1.07,C
-24.3,C
32.4,C
-4.02,C
-1.57,C
-4.29,C
0.895,C
3.19,C
-4.56,C
14.2,C
-16.5,C
-0.13,C
7.22,C
-1.22,C
-1.25,C
19.8,C
-24,C
7.93,C
-12,C
-8.12,C
24.7,C
-7.15,C
-16.9,C
10.5,C
5.07,C
-36.3,C
34.7,C
-27.2,C
12.2,C
-0.518,C
44.2,C
-28.3,C
7.95,C
-2.82,C
-15.9,C
7.51,C
-1.65,C
-4.51,C
-0.29,C
20.1,C
-28.4,C
-3.9,C
30.6,C
22,C
-13.2,C
-9.4,C
-6.22,C
-12.2,C
11.2,C
50.2,C
19.8,C
10.6,C
22.2,C
-13.1,C
14,C
14.4,C
-24.6,C
-16.8,C
11.3,C
13.8,C
-56.1,C
-35.6,C
30,C
-2.41,C
-1.43,C
8.52,C
28.8,C
6.46,C
20.2,C
-8.99,C
-4.61,C
9.22,C
-25.9,C
-17.2,C
12.7,C
-24.2,C
30.8,C
4.05,C
-1.38,C
15,C
-32.5,C
-11.9,C
8.53,C
-14.7,C
-2.73,C
-6.47,C
6.48,C
-32.3,C
28,C
7.26,C
13.6,C
28.4,C
7.16,C
4.52,C
11,C
-17.1,C
14.8,C
8.37,C
-18.9,C
28.7,C
26.5,C
-8.96,C
0.467,C
1.11,C
-4.21,C
9.56,C
-15.9,C
13.4,C
17.6,C
31,C
-7.42,C
31.7,C
10.3,C
-7.29,C
1.86,C
28,C
-16.7,C
18.7,C
2.18,C
-23.6,C
3.22,C
-16.7,C
28.3,C
-8.14,C
7.37,C
15.9,C
-24.8,C
-25.7,C
-5.18,C
11.1,C
-20,C
-24.8,C
12,C
-2.13,C
21.5,C
16.2,C
-9.13,C
20.7,C
13.8,C
30.2,C
18.9,C
12.5,C
-41,C
27,C
-42.1,C
15,C
27.5,C
-4.49,C
3.35,C
15.8,C
7.83,C
31.2,C
-1.95,C
2.73,C
-8.38,C
-23.8,C
-27,C
-21.5,C
-5.77,C
65.9,C
-54.8,C
35.9,C
23.3,C
-9.12,C
21.9,C
-16.2,C
31.5,C
-3.88,C
36.3,C
12.6,C
-24.5,C
11.6,C
-8.52,C
1.65,C
-19.3,C
38.6,C
28.2,C
42.6,C
-13.4,C
27.2,C
35.9,C
0.118,C
48.8,C
-47.6,C
-12.8,C
-8.81,C
-15.8,C
3.61,C
17,C
-22.4,C
25.1,C
48.1,C
-25.6,C
-23.6,C
3.11,C
3.03,C
-24.9,C
11.4,C
7.91,C
18.8,C
8.89,C
-33.7,C
-8.07,C
-2.93,C
-7.27,C
-10.8,C
29.1,C
7.06,C
-6.39,C
26.5,C
21.5,C
12.2,C
15.4,C
11.4,C
8.43,C
-27.1,C
-24.7,C
-5.25,C
34.2,C
27.3,C
-9.42,C
-21.9,C
21.2,C
-1.28,C
-3.31,C
0.805,C
-4.73,C
12.8,C
31.8,C
16.1,C
4.12,C
23.8,C
-17.1,C
-9.17,C
-8.05,C
22,C
-14.7,C
0.592,C
-0.707,C
3.45,C
19.3,C
6.37,C
3.92,C
-20.6,C
-17.8,C
-3.63,C
-17.7,C
-9.23,C
27.7,C
-19.5,C
46.9,C
28.6,C
11.8,C
-1.66,C
7.23,C
7.63,C
-19.5,C
-8.64,C
1.11,C
-17.5,C
-6.71,C
-39,C
-4.93,C
11.8,C
23.3,C
4.28,C
35.1,C
-8.94,C
-10.5,C
-8.36,C
-24.3,C
11.2,C
14.5,C
19,C
-22.1,C
-8.51,C
13.5,C
20.4,C
-8.7,C
21.9,C
11.5,C
44.2,C
-27.9,C
-2.48,C
42.1,C
-1.06,C
-23.6,C
-7.48,C
15.4,C
-6.5,C
26.3,C
-34.7,C
-7.33,C
-32.1,C
-9.76,C
-4.86,C
18.8,C
4.33,C
-5.6,C
14.8,C
32,C
-3.95,C
-17.4,C
-33.5,C
-47.4,C
-8.02,C
13.2,C
19.3,C
-15.2,C
22.1,C
-1.27,C
26.7,C
8.52,C
-0.287,C
-12.3,C
26,C
-1.28,C
5.55,C
-9.35,C
-22.9,C
30.3,C
7.89,C
19.5,C
-34.3,C
23.6,C
38.7,C
33.1,C
-6.92,C
-9.45,C
-14.7,C
32.4,C
-41,C
13.2,C
6.28,C
11.7,C
-16.6,C
18.9,C
30.4,C
18.8,C
19.9,C
11.9,C
26.3,C
14.3,C
-8.15,C
-3.7,C
17.8,C
-0.93,C
7.53,C
13.4,C
-17.4,C
-4.84,C
-20.6,C
23.1,C
10.3,C
-17.4,C
1.62,C
51.2,C
7.71,C
4.43,C
58.4,C
21.3,C
10.7,C
39.4,C
-15.1,C
28.3,C
-5.82,C
-28.3,C
17.3,C
30.6,C
27.4,C
-27.1,C
25.4,C
8.52,C
-17.4,C
16.2,C
1.02,C
-25.1,C
-17.4,C
-39.3,C
0.224,C
-5.3,C
-21.1,C
3.49,C
15,C
28.8,C
4.29,C
13.2,C
-26.7,C
-12,C
-3.58,C
-47.1,C
32.5,C
-0.0105,C
-7.4,C
-4.17,C
11.4,C
35.5,C
1.19,C
-1.77,C
-3.03,C
-6.59,C
-20.5,C
21.3,C
47.4,C
-12.7,C
-6.45,C
38.8,C
-33.4,C
-5.77,C
9.68,C
-13.2,C
35.3,C
8.18,C
-19.8,C
26.5,C
-9.32,C
0.924,C
18.2,C
14.2,C
9.19,C
-20.4,C
14.1,C
-8.49,C
41.7,C
-22.5,C
25.6,C
-8.58,C
-8.51,C
13.5,C
-21.6,C
-25.7,C
-27.8,C
-15.3,C
-30.3,C
2.96,C
19.6,C
8.95,C
-12.3,C
-31.3,C
4.98,C
26.2,C
4.34,C
3.95,C
16.1,C
13.7,C
-40.1,C
-33.6,C
24.1,C
-15.1,C
4.68,C
7.63,C
4.97,C
-40.5,C
3.65,C
-14.8,C
24.3,C
-37.7,C
-0.0972,C
-4.71,C
-4,C
29.9,C
-4.69,C
-12.9,C
11.9,C
20.2,C
-27.6,C
18.3,C
-24,C
-2.03,C
28.7,C
13.9,C
-42.1,C
23.8,C
-19.6,C
15.4,C
-3.36,C
33.7,C
-14.8,C
-27.4,C
-2.94,C
-15.9,C
13.6,C
-5.37,C
-15,C
21,C
-15.6,C
39.5,C
6.71,C
14.1,C
31.7,C
-15.8,C
32.9,C
7.74,C
6.53,C
-18.6,C
29.6,C
-8.65,C
-3.34,C
0.313,C
7.9,C
-0.5,C
-40.2,C
-8.52,C
56.1,C
15.1,C
14.3,C
-10.5,C
4.16,C
52.5,C
23.3,C
-2,C
21.8,C
20.6,C
21.5,C
6.53,C
3.28,C
9.43,C
-22.9,C
6.31,C
6.26,C
27.7,C
41.3,C
7.32,C
0.768,C
18.9,C
2.55,C
4.37,C
50.9,C
-2.26,C
18.6,C
-0.212,C
33.2,C
3.47,C
-13.8,C
0.115,C
49.3,C
5.37,C
27.9,C
-5.57,C
-2.44,C
-2.85,C
28.3,C
-16.5,C
23.3,C
-62.1,C
4.3,C
-6.04,C
-16.2,C
-5.15,C
-25.8,C
20,C
-7.17,C
18.2,C
18.5,C
3.7,C
-1.22,C
17.9,C
22.5,C
-32.7,C
10,C
40.5,C
10.2,C
14.6,C
-16.3,C
-12.2,C
18,C
43.1,C
2.11,C
13.8,C
52.3,C
4.69,C
-4.43,C
13.3,C
9.78,C
26.5,C
-1.31,C
-24.2,C
-9.13,C
-3.76,C
34.4,C
21.2,C
-15,C
-7.21,C
19.4,C
-7.97,C
7.72,C
34.2,C
27.8,C
-21.2,C
-26.4,C
-9.63,C
-6.51,C
11.6,C
31.8,C
39.3,C
10.8,C
15.9,C
12.9,C
-30,C
19.9,C
-5.38,C
32.8,C
-39.4,C
13.9,C
46.5,C
-9.88,C
-14.7,C
-0.536,C
50.3,C
57.8,C
-16.1,C
5.42,C
3.65,C
-1.14,C
-23,C
0.0566,C
-1.47,C
25.6,C
20.8,C
-10.6,C
28,C
-28.1,C
20.3,C
18.7,C
6.83,C
-33.8,C
4.23,C
21.9,C
-32.5,C
-19.6,C
-5.19,C
-11.6,C
1.15,C
2.45,C
-18.4,C
2.6,C
3.08,C
-20.7,C
-43.5,C
-35.1,C
16,C
-14.3,C
10.8,C
1.97,C
-4.07,C
-2.21,C
15.8,C
-63,C
1.87,C
-8.43,C
-31.7,C
23.3,C
-42.1,C
13.1,C
-12.6,C
-5.16,C
-9.46,C
-8.88,C
35.1,C
0.343,C
-8.84,C
14.4,C
-1.85,C
-10.1,C
1.44,C
-38.3,C
1.12,C
6.37,C
-7.98,C
14.6,C
-34.6,C
18.8,C
-4.01,C
12.3,C
-20.5,C
6.82,C
-26.4,C
8.71,C
16.7,C
16,C
27.7,C
7.62,C
-54.3,C
-18.5,C
-0.681,C
-12.5,C
0.301,C
-23.9,C
-2.19,C
-1.25,C
-42,C
-6.35,C
6.26,C
15.6,C
-3.98,C
-24,C
8.11,C
8.02,C
8.56,C
4.37,C
31.4,C
15.3,C
-15,C
-12.3,C
-11.1,C
15.2,C
14.6,C
-22.9,C
8.41,C
-22.8,C
-4.45,C
-6.46,C
-11.3,C
27.3,C
16.9,C
-17.9,C
31.8,C
-8.26,C
-14.9,C
38.4,C
-32,C
-39.3,C
32.1,C
12.9,C
-4.25,C
20.1,C
-32.3,C
22.4,C
12.3,C
-3.68,C
-12.6,C
3.34,C
-0.681,C
-6.09,C
7.99,C
31.1,C
-8.87,C
4.26,C
7.97,C
37.9,C
-21.4,C
6.33,C
5.86,C
0.792,C
46.7,C
-29.3,C
-0.119,C
-7.54,C
7.97,C
18.5,C
34.9,C
9.11,C
-1.03,C
-6.93,C
3.31,C
-16,C
39.4,C
-8.3,C
21.9,C
-16.8,C
-22.7,C
-16.5,C
-4.41,C
-7.28,C
7.49,C
0.3,C
5.32,C
-0.955,C
7.59,C
5.98,C
-23.9,C
17.1,C
-2.58,C
-22,C
23.8,C
-15.6,C
16.4,C
11.6,C
-13.4,C
-9.2,C
18.9,C
2.75,C
0.957,C
-28.8,C
48.4,C
24.3,C
-39.4,C
-23.4,C
-17.4,C
-46.9,C
-1.66,C
-12.9,C
-16.4,C
-3.54,C
-8.5,C
-24.2,C
-21.8,C
-3.78,C
13.6,C
-4.54,C
53.6,C
-16.8,C
7.53,C
28.2,C
29.5,C
4.4,C
-18.6,C
4.28,C
19.7,C
20.9,C
19.3,C
-23.9,C
19.3,C
-6.54,C
1.7,C
-1.51,C
-4.3,C
15.3,C
-30.7,C
5.59,C
-20.5,C
28.2,C
24.4,C
14.9,C
-13.7,C
0.292,C
15.8,C
6.99,C
-12.2,C
7.85,C
25,C
-14.9,C
-17.8,C
7.74,C
19.7,C
-8.93,C
-26.1,C
-22,C
31.7,C
-20.9,C
-2.79,C
-7.42,C
11,C
-7.83,C
-51.1,C
-31.7,C
1.92,C
13.4,C
6.28,C
20.9,C
-20.9,C
-11.6,C
1.61,C
-8.12,C
13.5,C
39.1,C
-9.11,C
-4.01,C
-26.8,C
22.2,C
22,C
44,C
-5.23,C
-3.52,C
23.1,C
3.51,C
14.1,C
6.3,C
22.1,C
2.41,C
-32,C
54.7,C
-13.2,C
-16.2,C
-7.19,C
-16.6,C
33.9,C
-11.9,C
20.3,C
-6.97,C
-8.22,C
-20.9,C
11.6,C
16.2,C
1.22,C
36.7,C
3.38,C
19.6,C
26.3,C
-23.7,C
-27.6,C
54.3,C
-62.2,C
-1.59,C
1.97,C
-17.9,C
13.1,C
-1.37,C
30.5,C
1.74,C
-2.54,C
-2.24,C
11,C
31.5,C
6.11,C
-1.57,C
-6.65,C
-24.3,C
-8.31,C
4.33,C
-0.369,C
2.39,C
-15.1,C
10.8,C
1.23,C
11.8,C
-2.85,C
16.5,C
7.59,C
-4.39,C
-26,C
28.9,C
22.7,C
-17.6,C
4.61,C
-32.1,C
-26.8,C
16.3,C
-32.4,C
27.3,C
28.6,C
21.1,C
12.7,C
19.8,C
-2.53,C
-17.3,C
-33.8,C
30,C
-4.29,C
-22.5,C
35.4,C
14.8,C
-8.4,C
-40.6,C
-1.28,C
-34.1,C
27.6,C
-32.4,C
12.6,C
29.1,C
-2.1,C
-25.7,C
-7.6,C
-16.9,C
3.66,C
36.5,C
-46.9,C
-9.38,C
27.4,C
38.8,C
1.32,C
6.79,C
-26,C
35.6,C
-8.33,C
12.5,C
17.4,C
19.4,C
-4.49,C
-1.94,C
3.39,C
10.6,C
2.59,C
-0.248,C
-25.7,C
-11.3,C
38.7,C
-6.47,C
17,C
33.6,C
-2.3,C
10.4,C
-15.4,C
27.3,C
-3.4,C
6.72,C
15.3,C
25,C
-8.27,C
8.92,C
-20,C
38.1,C
-12.8,C
9,C
12.1,C
13.4,C
-8.93,C
-7.81,C
10.9,C
-20.9,C
-11.5,C
10.7,C
-14.4,C
-24.6,C
0.198,C
-6.55,C
42.1,C
-7.93,C
-26.4,C
7.26,C
18.3,C
-6.75,C
-5.59,C
10.3,C
-3.92,C
-9.03,C
-8.45,C
19.8,C
-5.24,C
-10.5,C
19.8,C
-3.8,C
9.1,C
-2.55,C
-0.672,C
-12.6,C
-15.4,C
-3.76,C
-14.4,C
-10.1,C
10.6,C
-14.7,C
22.5,C
20.4,C
-1.95,C
3.75,C
-21.8,C
-8.36,C
3.23,C
-21.8,C
2.25,C
15.5,C
-27.1,C
-13.8,C
17.8,C
-12,C
10.4,C
11.9,C
49.4,C
20.6,C
-3.45,C
-0.549,C
-11.2,C
-1.21,C
13.9,C
-10.6,C
0.922,C
-19.5,C
4.69,C
21.3,C
42.7,C
3.75,C
20.7,C
-12.3,C
8.22,C
19.9,C
-19.9,C
-1.65,C
-4.64,C
12.7,C
28.1,C
5.21,C
-14.4,C
-6.33,C
18.6,C
-10.5,C
-1.86,C
11.9,C
10.4,C
14,C
14.7,C
-23.8,C
-26,C
-3.96,C
3.94,C
-54.7,C
2.61,C
10.9,C
0.156,C
-5.4,C
-1.44,C
-47.5,C
-11.7,C
19.6,C
-17.3,C
-10.8,C
-17.5,C
8.29,C
11.5,C
10.7,C
6.29,C
2.52,C
16.3,C
1.45,C
0.254,C
51.5,C
49.4,C
-15.5,C
-42.7,C
4.3,C
-42.1,C
3.34,C
16.2,C
-0.307,C
-40.6,C
-5.95,C
-21.4,C
-2.2,C
11.8,C
8.74,C
0.0595,C
3.77,C
20.1,C
10.8,C
-15.2,C
2.64,C
0.0283,C
-24.9,C
-15.9,C
33.1,C
3.17,C
-23.9,C
-2.39,C
-9.7,C
1.99,C
25.1,C
20.1,C
6.8,C
39,C
-10.1,C
-12.4,C
-32.6,C
8.48,C
-7.56,C
-4.29,C
31,C
-29.4,C
2.55,C
12.9,C
-4.3,C
7.02,C
14,C
7.04,C
27.7,C
14.4,C
20.6,C
-19.4,C
-8.04,C
-1.4,C
41.1,C
-14.5,C
-16.7,C
5.02,C
6.25,C
3.62,C
-0.337,C
4.65,C
19.9,C
8.66,C
10.2,C
-29.6,C
-14.8,C
14.6,C
21.1,C
-23.3,C
-24.7,C
-4.14,C
5.43,C
8.63,C
19.8,C
-2.3,C
-8.78,C
0.185,C
34.6,C
-27,C
-27.6,C
15,C
7.35,C
16.2,C
32.8,C
14.2,C
-6.52,C
0.2,C
-24.4,C
-4.97,C
1,C
4.75,C
-8.69,C
36,C
52.1,C
-4.67,C
46.2,C
-0.525,C
-15.4,C
-4.21,C
-32.7,C
25.5,C
-14.2,C
-0.357,C
-34.1,C
0.562,C
6.87,C
-27.9,C
-31.9,C
-6.7,C
-1.21,C
1.93,C
14.4,C
16.7,C
-13.9,C
20.7,C
-0.956,C
-1.91,C
-62.5,C
-0.851,C
-15,C
-1.03,C
6.46,C
4.49,C
-24.1,C
61.1,C
5.54,C
-2.9,C
22.3,C
18.3,C
-23.6,C
-25.6,C
13.6,C
24.2,C
43.4,C
4.36,C
-0.384,C
3.84,C
-13.8,C
5.97,C
-0.598,C
-22.6,C
-0.507,C
-1.97,C
33.3,C
-9.16,C
-5.32,C
-2.9,C
7.07,C
-26.2,C
-19.1,C
-0.112,C
16,C
5.88,C
-16.7,C
-17.6,C
3.01,C
34.8,C
-2.08,C
-28.6,C
49,C
-24.6,C
14.5,C
-15.4,C
-14.1,C
11.5,C
-23.9,C
12.1,C
-10.5,C
-21.6,C
-10.6,C
7.26,C
-0.47,C
3.59,C
18.5,C
15.1,C
-31.9,C
-16.4,C
-16.5,C
16.4,C
-8.25,C
14.1,C
-39.1,C
4.49,C
10.1,C
16.4,C
22.7,C
-17.5,C
23.4,C
3.83,C
21.8,C
-22.7,C
-29.9,C
7.48,C
-21,C
-16.9,C
33.4,C
26.8,C
11.1,C
0.00722,C
-22.6,C
-11,C
-6.48,C
-14.5,C
-21.2,C
-16.4,C
6.87,C
0.201,C
-8.64,C
0.188,C
-12.8,C
-48.3,C
14.5,C
7.04,C
10.9,C
1.27,C
-6.93,C
-1.32,C
-7.43,C
2.87,C
-7.65,C
-43,C
10.8,C
2.59,C
-3.82,C
-25.7,C
-3.1,C
31.6,C
57.2,C
30.8,C
11.4,C
-0.546,C
32.3,C
18.7,C
7.73,C
-23.7,C
0.388,C
-26.1,C
50,C
-8.7,C
-8.51,C
3.13,C
-20.1,C
20.4,C
14.7,C
0.76,C
5.57,C
15.5,C
-22.1,C
-32.2,C
12.2,C
13.3,C
15.3,C
-33.6,C
-0.2,C
-12.1,C
-40.2,C
-7.68,C
-30.6,C
2.38,C
5.94,C
-47.9,C
7.72,C
-6.86,C
-1.25,C
-8.62,C
-7.16,C
27.3,C
23.2,C
21.1,C
-8.97,C
3.05,C
32.5,C
21.7,C
6.63,C
-15.7,C
23.5,C
35.1,C
-16.5,C
-33.5,C
-3.33,C
2.54,C
-4.73,C
21.4,C
51.1,C
19.9,C
-0.988,C
-31.4,C
-6.59,C
-8.05,C
-7.64,C
-8.37,C
5.38,C
-16.5,C
-18.2,C
3.51,C
-31.1,C
-24.8,C
40,C
-22.9,C
-1.11,C
11.1,C
6.26,C
-23.2,C
-24.7,C
-25.7,C
11.7,C
13.7,C
-6.14,C
8.48,C
31.7,C
-15.3,C
10.3,C
-34.8,C
-4.77,C
-8.08,C
28.4,C
10.5,C
13.9,C
-41.3,C
23.1,C
2.76,C
0.292,C
-23.8,C
-14.3,C
-23.2,C
-16.4,C
-6.94,C
-8.3,C
-1.37,C
16,C
-14.6,C
-2.55,C
0.316,C
-31.3,C
-31.6,C
-31.3,C
-26.3,C
-8.85,C
4.67,C
-8.96,C
16.6,C
57.2,C
37,C
16.8,C
2.67,C
4.18,C
1.31,C
1.15,C
-8.03,C
31.8,C
14.9,C
-2.87,C
-1.78,C
21.8,C
-25.8,C
41.4,C
-25.1,C
-3.34,C
41.2,C
13.8,C
22.3,C
15.3,C
-37,C
-26,C
-26.8,C
0.535,C
6.17,C
41.7,C
12.6,C
10.6,C
-1.09,C
-0.889,C
1.82,C
-4.56,C
23.8,C
7.73,C
-21,C
15.2,C
-15,C
-5.1,C
-20.2,C
24.3,C
42.3,C
-5.79,C
-48,C
32.7,C
5.92,C
31.2,C
-16.9,C
40,C
18.9,C
-17.3,C
-11.5,C
-5.35,C
13.2,C
-16.9,C
-0.078,C
-5.91,C
-1.43,C
-8.85,C
22.4,C
43.6,C
9.38,C
-24.9,C
-11.1,C
-6.59,C
-15,C
21.6,C
-9.63,C
-5.21,C
-1.58,C
2.26,C
7.19,C
14,C
-4.38,C
22.8,C
-16.8,C
0.585,C
6.66,C
-8.35,C
17.3,C
35.7,C
22.9,C
27.4,C
-0.495,C
11,C
-18.1,C
15.9,C
23.7,C
21.7,C
18.5,C
8.72,C
-9.69,C
-17.4,C
-8.3,C
-32.2,C
37.7,C
-27.5,C
20.5,C
-10.7,C
34.4,C
-4.28,C
0.839,C
7.9,C
20.3,C
-13,C
13.9,C
-8.39,C
16.3,C
4.3,C
-8.45,C
20.9,C
-31.3,C
-12.5,C
-23.2,C
-0.174,C
-16.6,C
-2.13,C
28.3,C
-4.29,C
41,C
21.1,C
0.3,C
8.96,C
-12.8,C
12,C
10.8,C
10.8,C
7.8,C
2.44,C
-33.8,C
-18.4,C
26.6,C
-21.4,C
-5.49,C
11.3,C
-8.98,C
0.396,C
-7.97,C
-34.3,C
-15.4,C
7.91,C
5.23,C
26.5,C
-4.74,C
-12.1,C
-21.6,C
41.2,C
-5.97,C
-27.2,C
21.7,C
-8.81,C
3.83,C
39.7,C
-2.68,C
0.297,C
-27.4,C
-39.3,C
-16.4,C
-0.383,C
14.8,C
21.4,C
2.32,C
3.21,C
-19.4,G
-21.3,G
8.24,G
17.9,G
-23.8,G
-49.3,G
-6.57,G
40.7,G
-7.76,G
5.8,G
14,G
-5.67,G
43.6,G
-25.6,G
-16.5,G
-7.71,G
-2.2,G
53.8,G
-15.7,G
29.7,G
8.46,G
-1.95,G
-18.1,G
11.4,G
48.9,G
4.46,G
4.62,G
16.7,G
59.5,G
-17.8,G
-52.6,G
-21.7,G
-0.936,G
-13,G
-16.6,G
-2.07,G
-20.9,G
5.28,G
46.7,G
-4.43,G
20.1,G
-13.4,G
6.56,G
-41.8,G
-11.8,G
1.93,G
-6.98,G
-25.2,G
3.69,G
-6.09,G
4.56,G
24.4,G
-8.52,G
16.4,G
-56.7,G
-12.6,G
40.2,G
-22.7,G
31.4,G
43.1,G
13.6,G
-31.6,G
30.1,G
20.9,G
-21.4,G
1.41,G
-56.8,G
-24.5,G
-29.6,G
-32.1,G
60.6,G
-37,G
-33.3,G
4.18,G
22.1,G
8.27,G
-4.32,G
18.9,G
-4.93,G
-22.1,G
4.48,G
19.4,G
21.2,G
50,G
-12.9,G
-32.3,G
53.8,G
-31.2,G
-10.5,G
-10.2,G
-4.54,G
21.3,G
-7.92,G
7.07,G
-13.1,G
7.43,G
-15.4,G
45.5,G
38.3,G
14.4,G
17.9,G
-42.4,G
-47,G
-29.8,G
5.41,G
-49.3,G
-24.6,G
-1.26,G
-14.9,G
33.9,G
8.11,G
-48.2,G
-0.823,G
10.8,G
27.8,G
-53.4,G
36.5,G
46.7,G
19,G
-0.565,G
-5.23,G
23.5,G
-12.4,G
5.16,G
11.4,G
-44.1,G
58.4,G
0.667,G
31.8,G
-4.54,G
-24.4,G
-30.2,G
-21.1,G
-43.7,G
-82.9,G
-2.04,G
-15.8,G
-45.2,G
-4.38,G
-11.3,G
-8.33,G
3.31,G
65.8,G
13.5,G
-15.3,G
-38.2,G
-25.3,G
21.2,G
-30.4,G
22.9,G
5.74,G
-11.1,G
-34,G
8.98,G
-48.9,G
-8.27,G
21.8,G
6.88,G
-3.16,G
31.5,G
-0.962,G
-19.6,G
14,G
-27.8,G
27.6,G
14,G
3.1,G
4.23,G
-71.2,G
-25.5,G
-24.3,G
14.9,G
13.7,G
22,G
-0.738,G
0.0168,G
20.8,G
-6.6,G
-6.57,G
1.68,G
20.6,G
-56.2,G
22.8,G
-32.6,G
6.21,G
-35.7,G
0.606,G
-4.51,G
10.9,G
29.2,G
-12.4,G
-30.4,G
-15.5,G
20.3,G
-24.2,G
-22.8,G
12.2,G
-11.5,G
-35.6,G
-22.7,G
-7.81,G
-6.16,G
2.2,G
-15.4,G
47,G
-33.5,G
-22.4,G
-38.8,G
-14.8,G
4.93,G
-8.66,G
-6.53,G
45.7,G
-2.46,G
-28.5,G
24,G
-45,G
-39.5,G
-14,G
0.744,G
-33.6,G
12.8,G
-21.7,G
0.201,G
-23.3,G
23.7,G
0.126,G
-12,G
-37.8,G
3.99,G
-0.539,G
68.4,G
-10.6,G
-2.11,G
13.7,G
9.59,G
-23.5,G
-10.8,G
3.51,G
-24.9,G
-13.2,G
-89.3,G
-2.29,G
-12.3,G
10.3,G
15.3,G
-24.1,G
19.8,G
55.1,G
63.8,G
-5.97,G
-0.704,G
-16,G
-4.2,G
6.71,G
-19.2,G
-33.5,G
-48.3,G
6.42,G
23.9,G
54.7,G
21.1,G
-3.05,G
-8.94,G
43.5,G
-7.27,G
-4.29,G
-37.7,G
-58,G
17.6,G
-31.4,G
0.0375,G
13.1,G
-4.01,G
-10.7,G
29.6,G
10.2,G
29.9,G
-13.5,G
-1.93,G
-24.2,G
-10.7,G
-24.8,G
9.42,G
-29.2,G
15.8,G
-16.1,G
36.4,G
2.98,G
-2.06,G
-3.14,G
6.73,G
-37.3,G
11.3,G
-7.8,G
-17,G
-25.9,G
18.6,G
-4.96,G
-17.5,G
-38.6,G
-39.8,G
32.1,G
0.503,G
2.12,G
-10.3,G
3.75,G
62.2,G
23,G
20.1,G
-53.1,G
11,G
-19.2,G
-20.8,G
-6.35,G
-4.81,G
-21.6,G
-4.17,G
61.9,G
14.2,G
-1.53,G
-10.8,G
13.2,G
-31.9,G
29.6,G
2.41,G
11.2,G
6.09,G
9.2,G
-20,G
7.3,G
9.19,G
68.9,G
14.5,G
24.5,G
-21.1,G
32.5,G
65.6,G
-0.624,G
36.5,G
-28.6,G
-7.79,G
-20.5,G
-48.5,G
-4.06,G
-2.77,G
-14.6,G
-8.81,G
53.2,G
34.6,G
-16.6,G
8.92,G
-1.26,G
-16.5,G
4.12,G
-9.58,G
-23.4,G
11.2,G
6.15,G
-19.2,G
-46.7,G
3.32,G
-58.7,G
-0.934,G
47.1,G
-0.219,G
-23.7,G
-18.7,G
31,G
-31.5,G
3.71,G
-31.4,G
-22.8,G
-80.9,G
-46,G
-8.39,G
-39.6,G
18.2,G
14.7,G
-22.2,G
-18.8,G
22.8,G
6.5,G
-40.2,G
18.9,G
6.32,G
-37.8,G
-18.6,G
-19.3,G
-20.3,G
24.9,G
-20.3,G
10.7,G
15.3,G
12.9,G
-18,G
86.9,G
12.4,G
-11.6,G
-4.43,G
27.4,G
-56.7,G
-24.2,G
-51.1,G
-7.68,G
-33.2,G
-2.59,G
-41.5,G
-15,G
-31.2,G
-26.8,G
-2.06,G
8.85,G
-20.7,G
-7.91,G
1.33,G
2.62,G
-20.6,G
6.16,G
24.5,G
24.1,G
5.23,G
43,G
-12.6,G
-32.9,G
-54.3,G
-28.8,G
-8.95,G
-9.61,G
-17.2,G
-13.6,G
-2.33,G
-36.8,G
51.9,G
5.6,G
-20.3,G
-11.8,G
16.4,G
19.1,G
-3.89,G
22.7,G
-15.1,G
4.28,G
8.6,G
62,G
5.28,G
-7.76,G
-20.6,G
-5.25,G
-1.53,G
-22.8,G
-22.4,G
25.8,G
-26.9,G
-42.8,G
-12.6,G
-20.2,G
6.1,G
-0.355,G
-17.7,G
29.2,G
7.19,G
-16.1,G
-52.4,G
-47.4,G
35.1,G
-24.6,G
-6.27,G
-29.1,G
4.33,G
21.5,G
71.4,G
-17.3,G
48.6,G
8.74,G
26.3,G
15,G
-57.5,G
-4.53,G
-21.1,G
-2.61,G
-0.971,G
10.2,G
-7.27,G
-5.34,G
11.3,G
-21.2,G
-49.8,G
-23.7,G
-17,G
-35.7,G
-9.23,G
7.45,G
-28.3,G
30.1,G
11.4,G
-46.1,G
-19.5,G
1.4,G
18.1,G
-30.1,G
8.79,G
-4.98,G
4.67,G
-1.62,G
71.6,G
5.28,G
-16.1,G
-4.38,G
-48.4,G
-38.6,G
3.9,G
7.96,G
-4.27,G
13.6,G
7.28,G
-7.81,G
-11.1,G
30.6,G
-19.8,G
53.9,G
11.8,G
-13.4,G
-27.9,G
-7.26,G
-13.4,G
13.4,G
-33.1,G
-43.7,G
-29.4,G
-1.19,G
4.8,G
-15.8,G
-15.5,G
54.4,G
-5.32,G
-11,G
-18.7,G
7.04,G
-36.1,G
-52.4,G
15.3,G
21.9,G
-26.4,G
3.87,G
35.8,G
42.6,G
-49.6,G
-32,G
32.7,G
36.1,G
13.3,G
21.1,G
13.4,G
-38.3,G
-10.8,G
40.9,G
-3.95,G
-16.4,G
-2.62,G
-21.7,G
-35.2,G
-16.8,G
-3.97,G
-18.9,G
-22,G
-19.2,G
-4.82,G
-34.8,G
-35.6,G
-26.9,G
-15.8,G
-27.5,G
-39.4,G
5.49,G
-1.57,G
42.2,G
14.9,G
-4.28,G
-4.98,G
-18.9,G
-1.37,G
-28.1,G
-6.49,G
-21.5,G
-47.6,G
-0.797,G
6.19,G
-8.82,G
-29,G
64.8,G
-48.2,G
-47.8,G
-90.8,G
-8.84,G
2.77,G
-27.6,G
-18.5,G
-35.1,G
-25.3,G
-20.3,G
-7.83,G
31.7,G
-49.2,G
-21.3,G
40.1,G
29.6,G
-33.3,G
31,G
-22.1,G
6.71,G
-96.1,G
5.78,G
-38.8,G
-0.927,G
-18.3,G
30.9,G
5.84,G
-0.691,G
1.44,G
-0.322,G
57.8,G
17.7,G
70.3,G
-40.8,G
-20.7,G
-21.7,G
-10.4,G
11.8,G
-19,G
-20.9,G
-18.6,G
45.6,G
44.6,G
-31.7,G
-12.3,G
-1.48,G
3.28,G
-20.5,G
20.8,G
-2.78,G
22.6,G
-12.4,G
-28,G
-53.8,G
11.4,G
29.8,G
-2.57,G
-6.27,G
-22.4,G
-21.6,G
-45.2,G
21.8,G
3.99,G
-32.7,G
-37.7,G
-1.34,G
1.77,G
5.57,G
-8.12,G
25.3,G
-73.7,G
-1.65,G
-20.8,G
-32.1,G
-27.3,G
-27.9,G
16.4,G
-14.4,G
-3.26,G
-32.3,G
5.92,G
31.4,G
-21.8,G
-14.6,G
-19.7,G
-22.5,G
-65.6,G
-61.3,G
6.81,G
-12.5,G
20.1,G
-1.65,G
15.4,G
-12,G
23.6,G
-6.53,G
46,G
-3.83,G
-3.09,G
-15.6,G
38,G
-25.3,G
19.6,G
-28.9,G
-42.1,G
-11.9,G
29.4,G
39.7,G
-7.43,G
-8.91,G
5.93,G
-1.78,G
-42.9,G
13.8,G
-8.07,G
5.9,G
-24.8,G
11.4,G
7.28,G
-9.57,G
15.1,G
-19.8,G
-0.396,G
-35.5,G
70.3,G
7.55,G
-12.2,G
-4.19,G
8.11,G
5.85,G
54.8,G
-2.31,G
-21.4,G
-14.2,G
-13.7,G
-32.1,G
-4.21,G
-28.2,G
36.8,G
14.9,G
-25,G
-18.4,G
-3.55,G
-25.3,G
7.77,G
-8.5,G
1.41,G
-20.7,G
11.9,G
1.49,G
-11.6,G
-41.4,G
15.3,G
4.14,G
-10.2,G
-0.587,G
10.8,G
-4.72,G
-11.6,G
-5.03,G
4.83,G
-37.4,G
-21.2,G
-4.23,G
-24.6,G
44,G
-6.37,G
-30.2,G
12.8,G
13.5,G
24.9,G
-58.1,G
36.4,G
48.9,G
18.7,G
-1.06,G
11.5,G
7.02,G
-12.5,G
11.3,G
16.8,G
12.5,G
-0.285,G
-10.9,G
28.2,G
-6.54,G
-21.7,G
-14.7,G
-28.2,G
34.6,G
-21.8,G
-12.8,G
-5.01,G
-22.4,G
-1.88,G
24.8,G
-45,G
-52.8,G
-3.73,G
-31.4,G
6.91,G
-24.6,G
-4.27,G
11.5,G
-11.1,G
2.24,G
6.83,G
8.71,G
-13.3,G
2.56,G
-1.32,G
-32.8,G
40,G
-21.1,G
-58.1,G
-40.1,G
-17.2,G
21.2,G
-24.4,G
-46,G
-19.1,G
40.6,G
-0.215,G
44.5,G
-26.1,G
7.35,G
-21.9,G
-35.7,G
-27.2,G
-11.4,G
-9.01,G
-36.7,G
11,G
4.11,G
-18.8,G
-27.4,G
-29.5,G
-15.4,G
-12.6,G
-0.349,G
-44.5,G
-5.3,G
-57.2,G
-7.43,G
-12.7,G
-17.4,G
13.9,G
13.9,G
20.3,G
-2.69,G
-14.1,G
15.8,G
-3.79,G
-1.08,G
3.42,G
-24.2,G
-9.9,G
-22.4,G
10,G
-31.8,G
4.33,G
-36.4,G
38.2,G
39.9,G
31.7,G
-8.16,G
27.8,G
3.44,G
-29,G
23.1,G
-32,G
-10.6,G
-34.8,G
36.9,G
-32.2,G
-53.9,G
7.07,G
0.612,G
-11.3,G
5.29,G
-32.3,G
-27,G
-26.1,G
-2.17,G
6.55,G
43.3,G
-3.43,G
7.25,G
3.98,G
11.1,G
-39.4,G
-16.3,G
-21.7,G
34.6,G
-12.8,G
4.67,G
7.54,G
-7.98,G
-28.5,G
11.6,G
-10,G
-6.84,G
19,G
-19.6,G
-7.25,G
48.4,G
-19.2,G
0.801,G
103,G
-10.8,G
-50.1,G
35.6,G
61.3,G
-5.81,G
-5.76,G
-5.58,G
-23.7,G
-6.16,G
-32.8,G
-17.5,G
-5.8,G
-75,G
1.77,G
-43.8,G
-22.2,G
14.2,G
2.93,G
5.63,G
14,G
20.8,G
-0.515,G
-10.2,G
62,G
-18.3,G
-36.8,G
14.8,G
-7,G
-10.2,G
-38,G
-7.45,G
4.01,G
2.68,G
-22.5,G
15.7,G
-30.8,G
17.6,G
-40.6,G
18,G
-28.3,G
-45.8,G
28.3,G
-9.62,G
15.9,G
-3.77,G
32.4,G
15.4,G
0.263,G
2.83,G
24.1,G
27.4,G
-6.93,G
14.4,G
4.43,G
44.2,G
-35.1,G
-45.6,G
-2.9,G
-6.33,G
19.9,G
-15,G
23.9,G
-4.81,G
-20.4,G
-7.73,G
4.4,G
13.7,G
11.5,G
5.01,G
-0.668,G
-8.95,G
-22.6,G
-55.5,G
-8.13,G
1.2,G
-1.14,G
-14.8,G
-9.01,G
-15.2,G
-1.13,G
-1.9,G
-43.8,G
11.9,G
18,G
7.11,G
-29.8,G
-33.9,G
-6.07,G
-9.72,G
6.63,G
43,G
8.11,G
41.1,G
-18.9,G
22.6,G
9.78,G
-69.7,G
23.2,G
8.74,G
78.5,G
-5.28,G
-10.8,G
-46.5,G
-48.3,G
-3.33,G
6.85,G
-8.9,G
-14.4,G
-22,G
-3.01,G
10.3,G
-7.15,G
15.3,G
16.9,G
-46.7,G
-46.1,G
-9.61,G
12.4,G
-2.23,G
-28.4,G
-7.07,G
-4.28,G
-21.8,G
-2.13,G
-10.1,G
-0.411,G
-21.5,G
29.8,G
-24.4,G
5.61,G
-24.1,G
-31.1,G
-43,G
11.5,G
-31.4,G
-28.7,G
0.39,G
-3.97,G
28.1,G
-40.6,G
-32.4,G
5.32,G
13.4,G
57.5,G
-24,G
-25,G
-10.6,G
46.9,G
13.4,G
-32.5,G
-20.4,G
-3.27,G
-29.3,G
69.7,G
-30.5,G
-0.32,G
4.86,G
20.7,G
-30.2,G
-2.8,G
42.5,G
18.9,G
-17.3,G
-36.4,G
-17.3,G
-3.92,G
-36.5,G
-13.6,G
-23.9,G
-25.3,G
-21.2,G
-3.7,G
49.8,G
-6.1,G
21.9,G
18.4,G
29.5,G
-22.2,G
28.1,G
-9.76,G
44.9,G
-38.5,G
-17.1,G
27.3,G
-19.3,G
-13.7,G
-5.08,G
19.5,G
-14.9,G
-39.4,G
-0.37,G
21.5,G
46.8,G
1.66,G
-7.93,G
1.54,G
-23.6,G
-36.7,G
36.5,G
-31.7,G
35.1,G
5.96,G
-32.6,G
22.1,G
-11.2,G
-18.7,G
-46.3,G
-24.4,G
-3.34,G
-9.89,G
28.6,G
-25.1,G
0.419,G
-19.4,G
-13.8,G
-45.9,G
-3.98,G
-37.7,G
20.5,G
5.36,G
-46.1,G
-31,G
-44.1,G
15.1,G
-8.78,G
31,G
7.43,G
49.7,G
-36.9,G
23,G
27.2,G
25.4,G
-20.5,G
16.5,G
-30.1,G
5.91,G
-25.2,G
-26.6,G
-0.617,G
21.4,G
-57.1,G
-43,G
-33.1,G
24.8,G
12.2,G
-12.4,G
8.47,G
-32.1,G
20.9,G
56.9,G
9.83,G
15.2,G
-32.7,G
-6.61,G
43.4,G
40.7,G
5.59,G
-9.6,G
34.8,G
26.7,G
-18.5,G
-19.2,G
29,G
-6.53,G
-45.7,G
5.57,G
18.7,G
-8.92,G
-4.11,G
-29.7,G
1.66,G
-11.8,G
-28.4,G
-8.25,G
-12.1,G
37.6,G
5.15,G
38.9,G
4.75,G
-23.7,G
22.8,G
-19.4,G
-27.7,G
0.0596,G
-18.5,G
-11.5,G
16.1,G
-30.1,G
-37.5,G
9.58,G
12.6,G
33.6,G
-15.7,G
14.1,G
-23.6,G
12.7,G
-6.8,G
5.36,G
30.5,G
-22.9,G
21,G
9.11,G
-27.6,G
-2.48,G
-11.8,G
-5.72,G
5.29,G
-59.5,G
-18.8,G
25.5,G
-7.16,G
7.87,G
-32.2,G
6.51,G
15,G
-22.5,G
-2.73,G
-26.6,G
-29.8,G
-0.372,G
22.6,G
32.6,G
14.5,G
-11.8,G
72.2,G
-5.56,G
-24.5,G
14.4,G
-39.5,G
3.59,G
79.8,G
-48.9,G
-15.6,G
-6.93,G
-32.3,G
-1.29,G
-36.6,G
-10.2,G
6.76,G
-2.91,G
6.62,G
21.7,G
-14,G
-11.7,G
3.11,G
32.2,G
-4.19,G
14.8,G
5.88,G
-37.5,G
4.06,G
47,G
-10.2,G
-19.8,G
-1.26,G
12.2,G
52.9,G
-20.6,G
-26.1,G
-1.01,G
19.3,G
8.62,G
9.95,G
-38.6,G
-12.6,G
8.29,G
-38.9,G
-5.05,G
-10.3,G
-14.4,G
-22,G
-22.4,G
14.4,G
-10.1,G
-24,G
17.5,G
-1.12,G
-19.7,G
-12,G
0.0941,G
33.5,G
-66,G
-32.4,G
-38.4,G
12.3,G
16.4,G
59.4,G
-0.542,G
19.6,G
-71.1,G
24.8,G
13.7,G
36.5,G
-15,G
9.54,G
11.6,G
14.1,G
-61.2,G
24.6,G
65.4,G
-18.9,G
37.1,G
21.3,G
-13.8,G
13.6,G
-36.6,G
-37.7,G
11.9,G
-35.6,G
2.32,G
-15.6,G
-24.8,G
9.49,G
-1.94,G
-0.489,G
-38.2,G
-54.6,G
5.44,G
4,G
0.459,G
21.2,G
-3.65,G
-5.63,G
-15.8,G
-27.8,G
-25,G
1.85,G
-8.96,G
-13.1,G
-10.9,G
38.8,G
-1.51,G
-13.2,G
11.9,G
6.54,G
13.9,G
-16.2,G
7.43,G
16,G
-16.3,G
6.82,G
-62.7,G
13.5,G
-3.08,G
-8.28,G
3.78,G
-9.99,G
2.3,G
-4.36,G
8.28,G
-5.05,G
19.5,G
-16.5,G
56.8,G
79.7,G
6.82,G
-14.5,G
10.8,G
-29,G
-8.43,G
34,G
29.7,G
-13,G
13,G
29,G
-24.6,G
6.63,G
-13.2,G
-1.16,G
-8.99,G
-13.8,G
30.2,G
76.7,G
-23.6,G
16.3,G
-8.69,G
-16.5,G
-38,G
25.5,G
1.34,G
-20.5,G
19.4,G
-19.7,G
6.64,G
-2.43,G
37.7,G
9.91,G
-15,G
-0.00807,G
-20.3,G
11.9,G
20.7,G
26.3,G
3.3,G
-38.4,G
-28.6,G
-28.9,G
18.9,G
-29.2,G
-67.8,G
-3.64,G
54.3,G
-17.1,G
-14,G
-20,G
-14.9,G
-0.803,G
74.3,G
35.2,G
-14.7,G
9.26,G
-2.39,G
-11.8,G
-28.9,G
-7.44,G
-28.1,G
-6.58,G
-57,G
-15.1,G
-13.1,G
-5.2,G
-50.2,G
-28.1,G
-17,G
0.155,G
24.2,G
4.62,G
-10.8,G
-32.9,G
-12.9,G
13.6,G
-0.198,G
5.82,G
2.48,G
-10.7,G
10.5,G
-41,G
-8.15,G
35,G
-5.91,G
-20.4,G
-73.2,G
-55.4,G
-30,G
-5.99,G
4.1,G
28.8,G
14.8,G
-20,G
-20.7,G
-16.8,G
12.7,G
11.4,G
-27.6,G
20.5,G
-33.6,G
4.84,G
-16.3,G
1,G
-13.8,G
-3.53,G
-56.3,G
-2.96,G
30.6,G
-22.1,G
-0.502,G
4.51,G
-16.5,G
9.86,G
4.47,G
-13,G
7.76,G
12.8,G
-30.7,G
54.4,G
-24,G
36.7,G
8.19,G
21.7,G
-45.5,G
-4.58,G
-31.9,G
-8.63,G
-22,G
23.8,G
10.3,G
-39.3,G
2.08,G
29.4,G
-39.1,G
-36.4,G
-3.13,G
-41.2,G
-36.1,G
-1.51,G
-24.8,G
-16.9,G
13.2,G
-39.9,G
-1.33,G
12.6,G
23.2,G
-26.8,G
21.4,G
21.3,G
13.3,G
-20.6,G
3.4,G
1.98,G
55.8,G
-21,G
46.4,G
-22.8,G
-2.68,G
-16.7,G
-18.4,G
54.2,G
6.65,G
-4.92,G
19.9,G
16.9,G
-46,G
-66.8,G
28.9,G
14.5,G
6.77,G
-18.8,G
-4.63,G
-19.6,G
-38,G
55.2,G
-42.4,G
-0.857,G
-29.7,G
3.58,G
-8.67,G
-10.4,G
-16.8,G
30.9,G
-8.36,G
-70,G
4.04,G
-8.53,G
29.7,G
-14.6,G
-8.77,G
-24.5,G
18.6,G
56.2,G
-14.2,G
65.5,G
-26.6,G
-30.3,G
35.5,G
8.8,G
2.13,G
15.1,G
3.64,G
14.1,G
-48.6,G
32,G
-9.76,G
35.5,G
-22.5,G
-29.2,G
5.5,G
65.9,G
-47.6,G
-57.4,G
25,G
22.7,G
7.63,G
38.5,G
23.6,G
-22.2,G
14.1,G
21.4,G
-41.3,G
-25.3,G
24.6,G
-20.9,G
-20.7,G
-14.3,G
5.24,G
3.61,G
28.8,G
6.6,G
-4.75,G
-29.5,G
21.2,G
-23.2,G
1,G
-3.78,G
-0.622,G
-43.5,G
-34,G
-0.721,G
6.27,G
29.5,G
1.07,G
-1.7,G
-2.05,G
-19.5,G
22.4,G
17.3,G
40.3,G
12.2,G
-25.2,G
-37.8,G
12,G
-29.3,G
-38.2,G
2.95,G
47.9,G
-32.8,G
-24.2,G
-23.1,G
19.6,G
-32,G
-73.1,G
62.6,G
5.42,G
-15.7,G
4.93,G
7.16,G
-1.26,G
-49.1,G
4.38,G
33.8,G
1.87,G
32.6,G
-6.45,G
-2.56,G
-29.3,G
13.6,G
23.9,G
-22.9,G
-33,G
-6.83,G
-20.7,G
-1.97,G
20.1,G
-29.2,G
19.5,G
2.92,G
-6.9,G
-70.3,G
34.7,G
-3.67,G
21,G
-14,G
-20.7,G
-11.6,G
15.2,G
-1.1,G
-11.8,G
7.31,G
-13.6,G
6.96,G
-29,G
-15,G
63.3,G
-11.1,G
6.42,G
-46.8,G
-18.7,G
13.7,G
-23.6,G
-17.9,G
-3.51,G
-8.88,G
-51.5,G
16,G
-11.1,G
-2.67,G
-18.8,G
49.7,G
-11.1,G
-21.2,G
19.9,G
-41.6,G
-26.8,G
-19.4,G
11.4,G
33.3,G
-4.35,G
46.9,G
-28.2,G
26,G
13.2,G
8.82,G
29.4,G
2.51,G
-25.3,G
-15.7,G
-41.8,G
-14,G
25.2,G
-0.572,G
4.47,G
-24.2,G
19.6,G
-15.6,G
-15.5,G
13.5,G
11,G
-34.5,G
7.98,G
11.2,G
-2.17,G
-16.3,G
-23.3,G
35.9,G
-20.5,G
11.1,G
-12.5,G
6.07,G
25.3,G
-5.15,G
-3.73,G
10.3,G
25,G
-5.18,G
46.9,G
-33.9,G
-9.22,G
42.2,G
-0.574,G
20.4,G
-4.24,G
-36.4,G
-48.7,G
-4.72,G
-14.3,G
-28.6,G
7.23,G
19.3,G
-31.1,G
16.2,G
-6.16,G
-0.142,G
-22.4,G
-20,G
14.8,G
-17.6,G
12.1,G
0.48,G
1.74,G
5.58,G
30,G
13.7,G
-46.3,G
5.05,G
-16.3,G
-12.1,G
34.5,G
-1.68,G
12.5,G
59.3,G
3.56,G
-54.2,G
-6.75,G
-34.8,G
-48.2,G
-20,G
17.2,G
-10.6,G
-0.572,G
-27.2,G
-2.87,G
6.76,G
-53.8,G
-37.6,G
29.8,G
0.0546,G
-28.6,G
27.8,G
38,G
35.8,G
31.7,G
13,G
12.1,G
-13.7,G
-3.8,G
16.5,G
-21.7,G
50.3,G
8.99,G
-9.73,G
5.5,G
-4.6,G
-4.11,G
-32,G
-24.1,G
-6.41,G
-5.94,G
-1.46,G
62.7,G
37.4,G
5.63,G
-6.65,G
-16,G
-24.9,G
1.1,G
3.82,G
15.1,G
19.6,G
6.28,G
-22.6,G
11.5,G
-9.16,G
-11.2,G
22.1,G
-16,G
30.2,G
6.4,G
12.3,G
-24.7,G
7.33,G
-5.19,G
44.8,G
-8.81,G
20.1,G
20.1,G
-32.4,G
-26.9,G
-28,G
-34,G
23.6,G
-2.54,G
7.09,G
-26.1,G
-19.5,G
6.93,G
2.34,G
8.88,G
20.3,G
-48.9,G
-60.7,G
2.69,G
-65.8,G
-2.64,G
-26.3,G
-22.4,G
-4.13,G
21.6,G
-31.6,G
-45.6,G
18.5,G
-18,G
-6.7,G
28.8,G
21.1,G
-22.8,G
-1.26,G
17.1,G
17.7,G
5.44,G
1.52,G
5.38,G
-21.5,G
-37.3,G
2.61,G
35.5,G
14.6,G
51.5,G
3.56,G
-97.6,G
17.9,G
-47,G
-30.8,G
1.53,G
15.8,G
30.8,G
-69.3,G
-4.17,G
21.1,G
-7.37,G
1.65,G
87.6,G
-32.2,G
12.7,G
31.8,G
-30.9,G
-39.7,G
11.6,G
19.1,G
-13,G
-25.4,G
-1.7,G
-40.3,G
-23.3,G
-24.1,G
-1.37,G
-14.5,G
-19,G
-48.4,G
-0.303,G
16.2,G
-33.2,G
8.37,G
30,G
32.9,G
5.57,G
28.5,G
-25.6,G
-8.41,G
-5.49,G
8.26,G
6.63,G
-7.25,G
15.4,G
-1.14,G
-30.8,G
-14.1,G
1.65,G
15.5,G
-26.1,G
19.6,G
-10.4,G
-12.7,G
-22.3,G
-12.7,G
-39.2,G
6.58,G
-13,G
-8.95,G
38,G
-51,G
-30.4,G
30.8,G
54.6,G
-37.3,G
-20,G
21.2,G
32.9,G
-30.7,G
-30.9,G
-37.3,G
-28.4,G
15.3,G
7.44,G
13.2,G
-31.4,G
4.74,G
63.3,G
16.4,G
-4.04,G
13.1,G
2.23,G
-43.8,G
-22.3,G
5.24,G
-7.78,G
20.1,G
-62.6,G
4.11,G
-9.09,G
-21,G
3.78,G
36.2,G
-14.5,G
37.9,G
-10.5,G
-22.4,G
-15.5,G
-81.3,G
4.22,G
-21.2,G
21.4,G
45.1,G
-31.9,G
-21.4,G
-29.6,G
-11.2,G
-62.1,G
-38.8,G
-20.7,G
2.43,G
32.3,G
-8.74,G
-30.4,G
-7.84,G
4.28,G
-29.8,G
14.4,G
-18,G
-40.2,G
-25.3,G
-15.3,G
-0.291,G
-17.5,G
-11.8,G
-11.8,G
-40.5,G
0.967,G
-4.64,G
-2.2,G
11.1,G
20.2,G
-9.91,T
-39.1,T
-36.1,T
14.7,T
1.02,T
-46.3,T
-28.4,T
-0.475,T
0.696,T
-13.1,T
-1.39,T
-51.7,T
15,T
30.9,T
9.61,T
-56.3,T
6.28,T
25.2,T
-3.28,T
-22.3,T
17.4,T
-32.9,T
-47.5,T
-16.4,T
-36.8,T
-5.47,T
-0.632,T
-24.4,T
9.98,T
-8.78,T
10.2,T
-31.9,T
14.9,T
-29.2,T
35.5,T
-44.5,T
-27.4,T
10.3,T
-8.57,T
-10.8,T
-13.7,T
-5.67,T
-15.8,T
17.7,T
-21.7,T
-24.1,T
-43.2,T
9.7,T
14.7,T
14.8,T
-6.01,T
-13.4,T
-30,T
-9.3,T
44.6,T
5.34,T
-7.38,T
-6.93,T
24.2,T
-5.98,T
5.17,T
-12.1,T
16.6,T
-7.03,T
16.8,T
-20.2,T
-32.1,T
24.5,T
-6.59,T
-5.78,T
-1.53,T
-2.23,T
-35.4,T
-6.61,T
14.3,T
17.8,T
11.6,T
35.2,T
-13.9,T
-70.1,T
-4.56,T
0.954,T
-32.6,T
-16,T
-56.8,T
-59.5,T
16.7,T
14.1,T
-8.04,T
16.4,T
-24,T
-10.3,T
22.3,T
-0.788,T
-15.7,T
46.5,T
-12.5,T
6.91,T
25.1,T
29.3,T
-23.6,T
-15.9,T
5.64,T
-26.1,T
-1.41,T
15.8,T
-30,T
-20.4,T
27.6,T
0.412,T
25,T
-55.7,T
23,T
13.6,T
22.2,T
-1.21,T
-37.1,T
-20.9,T
14,T
-62.7,T
25.3,T
15.1,T
15.9,T
8.02,T
34.3,T
17,T
18.7,T
-19.5,T
31.9,T
21.8,T
2.55,T
30.6,T
16.7,T
13.3,T
-5.68,T
-20.5,T
-12,T
2.77,T
-12.9,T
40.2,T
1.03,T
12.1,T
25.5,T
24.7,T
9.51,T
7.03,T
-50.5,T
-21.7,T
53.7,T
-63,T
41,T
28.6,T
31.5,T
-14.8,T
-37.2,T
-1.2,T
-5.59,T
-54.5,T
-25.9,T
-21.2,T
9.98,T
-32.6,T
-47.1,T
-32.5,T
10.1,T
1.44,T
-40.6,T
9.37,T
-2.49,T
-17.7,T
-62.5,T
43.4,T
-24,T
37.2,T
-47.9,T
-24.5,T
-28.5,T
-23.1,T
-7.38,T
-7.18,T
37.7,T
-28.5,T
8.05,T
-48.4,T
-72.7,T
-20.9,T
13.5,T
-20.2,T
1.58,T
-9.11,T
5.26,T
-25.3,T
-20.2,T
-0.489,T
8.64,T
-27.8,T
-15.2,T
0.202,T
15.5,T
-37.3,T
-41,T
48.8,T
-23.9,T
-2.16,T
-9.66,T
-7.79,T
-13.5,T
42.9,T
-40.8,T
-0.742,T
6.25,T
11.6,T
-47.6,T
-24.4,T
-21.9,T
13.4,T
22.3,T
16.1,T
-23,T
-12,T
21.5,T
-34.9,T
-3.63,T
-3.28,T
-0.523,T
5.07,T
-18.1,T
-23.7,T
-36.6,T
6.23,T
2.98,T
2.16,T
-32.5,T
27.1,T
16.3,T
-53.5,T
-24.3,T
13.2,T
-44.5,T
-31.4,T
34.5,T
-1.19,T
-13.3,T
-16.5,T
18.2,T
-23.6,T
12.7,T
5.34,T
-11.2,T
26.4,T
-8.68,T
30.2,T
-40.6,T
-0.231,T
42.8,T
-14.9,T
-3.52,T
24.4,T
17.9,T
6.96,T
-3.47,T
-14.2,T
-14.8,T
24.5,T
9.92,T
-28.7,T
-33.3,T
-21.8,T
-14,T
15.9,T
59,T
17.6,T
22.2,T
8.99,T
-22.7,T
15.5,T
-6.62,T
16.9,T
-7.85,T
-24.6,T
33.8,T
-56.6,T
-54.7,T
-28.8,T
7.85,T
-19.1,T
-12.8,T
-42.1,T
17.8,T
-2.51,T
-14.4,T
1.29,T
-5.96,T
1.39,T
-26.7,T
-8.48,T
21.6,T
23.7,T
6.97,T
13.6,T
-6.83,T
33.4,T
-31.3,T
7.07,T
11.8,T
-39.5,T
-51.9,T
25.8,T
6.61,T
35.6,T
16.8,T
41,T
5.7,T
22.8,T
22.7,T
-62.8,T
6.2,T
2.98,T
-63,T
-29.6,T
19.9,T
14.4,T
5.15,T
8.97,T
6.43,T
6.68,T
13.1,T
32.2,T
-15.1,T
25.2,T
-19.5,T
-38.2,T
-9.9,T
-59.5,T
8.05,T
2.33,T
37.4,T
23.1,T
9.93,T
24.5,T
22,T
-8.08,T
-23.5,T
-26,T
-24.2,T
3.1,T
-29.1,T
-13.1,T
13.9,T
-16.3,T
-31.4,T
41.7,T
-12.8,T
23.5,T
-9.04,T
50.7,T
-0.542,T
16.8,T
-1.9,T
-29.3,T
-9.54,T
16.8,T
6.9,T
-5.08,T
-25.6,T
33,T
1.7,T
6.43,T
-3.3,T
-29.8,T
30.3,T
41.7,T
6.68,T
-24.7,T
7.31,T
-23.3,T
7.12,T
8.17,T
-19.2,T
-21.6,T
10.1,T
-8.68,T
-10.2,T
-38.1,T
-7.9,T
-27.2,T
30,T
15.1,T
31.3,T
20.1,T
-30.5,T
0.689,T
13.1,T
30.1,T
20.3,T
-20.9,T
-41.7,T
-33.6,T
24.2,T
-10.1,T
-50.6,T
35,T
7.35,T
-48.7,T
40.4,T
9.65,T
-29.2,T
-20.1,T
-24.6,T
-60.7,T
-45.4,T
15.4,T
1.74,T
7.92,T
26.9,T
-6.02,T
-14.7,T
-16.6,T
-1.95,T
-28.7,T
30.2,T
1.4,T
-22.6,T
-13.6,T
-32.1,T
-22.7,T
-18.6,T
-9.28,T
-4.22,T
0.177,T
16.2,T
-16.8,T
-0.371,T
37.7,T
-13.8,T
-1.59,T
-51.4,T
-26.9,T
-49.3,T
7.41,T
14.6,T
-14.3,T
3.93,T
-25.8,T
20.2,T
-6.98,T
-16.6,T
-1.15,T
25.3,T
-2.42,T
-20,T
-8,T
6.9,T
9.37,T
-29.8,T
-23.9,T
-6.15,T
33.2,T
-45.7,T
-72.7,T
-48.6,T
11.1,T
4.02,T
-30.8,T
13.6,T
-0.848,T
-44.7,T
24.8,T
-56.3,T
3.96,T
41.7,T
7.49,T
-22.8,T
-19.8,T
-21.1,T
21.4,T
-8.5,T
30.7,T
-7.72,T
-42.7,T
-45.8,T
-19.8,T
15.8,T
20.5,T
5.57,T
-18.9,T
-27.1,T
-8.7,T
-20.1,T
-4.58,T
1.98,T
-13.6,T
-1.37,T
16.3,T
32.4,T
-13.3,T
12.6,T
2.83,T
-47.6,T
-21.3,T
-28.4,T
46.3,T
-39.8,T
17.1,T
-19.5,T
21.9,T
-8.42,T
22.5,T
-21.2,T
-13.4,T
-8.74,T
-50.5,T
-24.2,T
12.9,T
-62.9,T
1.8,T
5.11,T
-26.5,T
15.1,T
15.5,T
-53.2,T
-8.72,T
-20.9,T
9.19,T
37.6,T
-0.612,T
0.632,T
-16.8,T
-30.9,T
-42.1,T
1.63,T
-26,T
13.7,T
11.3,T
-24.1,T
-32.6,T
-15.3,T
-40.6,T
20.8,T
-30.9,T
-17.7,T
-0.526,T
15,T
8.19,T
-23,T
-21.8,T
-22.3,T
5.09,T
-32.4,T
18.3,T
-10.1,T
-8.09,T
-44.9,T
-37,T
-8.34,T
-28.8,T
-16.7,T
-56.3,T
-28.3,T
-41.2,T
7.98,T
-8.36,T
1.36,T
13.3,T
0.79,T
4.1,T
21.8,T
-2.11,T
-24.9,T
28,T
-35,T
20.4,T
31.2,T
11.2,T
2.47,T
33.6,T
-21.3,T
-25.2,T
16.1,T
-21.8,T
-35,T
-21.9,T
-1.22,T
5.83,T
-25.3,T
6.94,T
-37,T
6.02,T
11.3,T
14,T
21.6,T
-23.9,T
-33.2,T
22.5,T
0.636,T
16.4,T
-5.07,T
4.03,T
5.21,T
-16.2,T
-38,T
-22.7,T
13.8,T
-31.6,T
15.1,T
5.95,T
-55,T
-54.4,T
-14.5,T
-3.15,T
-39,T
-30.2,T
14.8,T
13.1,T
5.89,T
5.19,T
-12.7,T
-2.11,T
-0.0947,T
-6.63,T
-0.0125,T
-6.26,T
-54.9,T
41,T
-43.5,T
-4.14,T
8.87,T
-7.08,T
2.28,T
9.04,T
19.5,T
-15,T
46.6,T
-19.5,T
9.81,T
5.59,T
-53.4,T
22.6,T
24.2,T
-8.27,T
8.84,T
-4.45,T
17.9,T
-8.87,T
-5.2,T
-16.8,T
-5.56,T
-21.8,T
-59.5,T
-13.1,T
-28,T
-0.049,T
-23.1,T
-22.8,T
13.5,T
-29.3,T
13.3,T
-1.97,T
-15.9,T
16.5,T
-12.4,T
-9.36,T
24.4,T
-31.7,T
21,T
-22.7,T
-11.2,T
16.2,T
-64.3,T
25,T
-61.1,T
-14.8,T
2.47,T
-10.9,T
0.541,T
-30.5,T
-22.2,T
13.6,T
32.1,T
39.8,T
-41.6,T
-7.24,T
14.7,T
-3.23,T
-21.8,T
-5.42,T
-30.1,T
7.41,T
24.5,T
-50.1,T
-13.9,T
21.5,T
-48.8,T
-35.5,T
36.5,T
-34.4,T
-52.4,T
24.6,T
-15,T
22.4,T
31.7,T
-64,T
-39.6,T
-35.7,T
3.63,T
20.5,T
44.8,T
1.97,T
-56,T
-17,T
-16.2,T
-30.6,T
60.2,T
-19.1,T
-42.8,T
-19.9,T
-4.04,T
4.81,T
-14.8,T
-46.8,T
10.4,T
6.44,T
-2.48,T
10.9,T
-29.6,T
5.73,T
30.3,T
5.52,T
-22.2,T
-51.4,T
33.3,T
9.05,T
-10.4,T
-7.17,T
20.2,T
-6.44,T
-15,T
-41.3,T
-1.25,T
13.3,T
38.3,T
24.6,T
-15.8,T
30.7,T
-6.63,T
-9.66,T
-60.8,T
3.45,T
-39.7,T
-0.00934,T
-15,T
-29.1,T
-4.07,T
-12.4,T
16.4,T
-11.7,T
-37.9,T
13.1,T
21.2,T
-8.4,T
20.4,T
3.84,T
10.2,T
-23.8,T
40.9,T
-12.4,T
-9.49,T
9,T
7.39,T
-39.8,T
30.3,T
16.8,T
22.8,T
-59.9,T
-34.8,T
49.6,T
29.1,T
-26.2,T
-3.38,T
11.4,T
15.2,T
-22.8,T
-20.7,T
44.5,T
20.3,T
15.4,T
-8.6,T
-3.15,T
2.53,T
-40.4,T
23.5,T
-18.1,T
27,T
-40.8,T
0.425,T
-5.31,T
18.1,T
15.6,T
-43.7,T
-34.4,T
-24.4,T
-23.9,T
-12.7,T
-5.7,T
17.9,T
0.422,T
-15.3,T
-16.7,T
35,T
32,T
-17.4,T
-43.9,T
-49.1,T
16.8,T
-1.76,T
14.7,T
8.7,T
-45.5,T
9.66,T
1.94,T
-44.8,T
17.3,T
-79.2,T
27.5,T
-18.2,T
-44,T
-24.2,T
5.91,T
-54.7,T
34.9,T
-42.8,T
-14,T
-0.67,T
-21.3,T
22,T
-17.7,T
-15.5,T
-5.96,T
-44.6,T
-0.982,T
-4.06,T
-21.8,T
-28.4,T
-11,T
-12.1,T
-46.4,T
5.33,T
5.34,T
29.8,T
16.4,T
-37.4,T
-6.46,T
-36.1,T
28.3,T
5.08,T
15.7,T
-2.58,T
-27.3,T
17.5,T
-6.24,T
0.225,T
-2.89,T
-10.9,T
24.8,T
-56.8,T
2.36,T
-53.2,T
-1.67,T
-21.1,T
14.4,T
-13.6,T
8.79,T
-23.6,T
14.7,T
22.9,T
-23.3,T
16.4,T
-6.28,T
-33.5,T
-87.7,T
7.72,T
-42.6,T
-26.1,T
6.8,T
-39.2,T
9.49,T
5.81,T
0.167,T
8.37,T
-10,T
-23.8,T
12.7,T
-24.3,T
-5.95,T
6.04,T
6.22,T
-15.9,T
17.7,T
14.8,T
39.1,T
-56.9,T
-4.91,T
21.4,T
-4.16,T
-9.6,T
-25.4,T
-12,T
14.8,T
-16.1,T
26.2,T
50.4,T
-34.6,T
-46.8,T
-1.21,T
-17.2,T
-3.42,T
3.13,T
-5.91,T
13.8,T
23,T
-6.93,T
-6.24,T
-21.6,T
0.104,T
-48.5,T
-1.31,T
16.1,T
-24.4,T
-63.9,T
-59.9,T
-16.2,T
-32.2,T
22.1,T
-6.59,T
8.85,T
-7.64,T
-6.02,T
-47.2,T
-21.3,T
-45.6,T
27.8,T
-32,T
-18.1,T
-14.1,T
-56.2,T
-65.9,T
-70.7,T
-9.33,T
-31.5,T
-53.1,T
-13.9,T
16.7,T
-23.5,T
-6.95,T
-43.9,T
-16.9,T
0.039,T
45.9,T
9.14,T
20.9,T
32.8,T
-16.8,T
-11.9,T
-0.616,T
8.78,T
3.81,T
-4.72,T
22.3,T
-29.6,T
-1.1,T
21.3,T
-53,T
-14.7,T
6.98,T
-8.73,T
-7.98,T
-44.5,T
23.8,T
5.24,T
-21.7,T
25.3,T
-23.9,T
-31.6,T
24.5,T
33.9,T
14.6,T
10.3,T
-27.4,T
32.8,T
2.22,T
24.8,T
13,T
9,T
24,T
24.5,T
-25.2,T
-11.4,T
-48.1,T
7.61,T
-20.8,T
6.99,T
-18.7,T
-34.2,T
1.11,T
9.56,T
0.908,T
-9.35,T
4.12,T
-4.91,T
3.41,T
-24.6,T
-26,T
-21.6,T
37.5,T
-39.8,T
31.4,T
13.3,T
6.95,T
-10.3,T
-39.6,T
-11.2,T
13.9,T
14.8,T
23.9,T
-49.3,T
-15.2,T
-4.13,T
-8.15,T
2.12,T
-21.4,T
-5.67,T
-1.02,T
50.8,T
16.2,T
7.67,T
-43.9,T
-22.7,T
-13.6,T
-27.8,T
-25.6,T
-14.5,T
-10.1,T
-71.4,T
-29.9,T
11,T
-1.07,T
-22.5,T
-28.4,T
-13.3,T
-29.5,T
21,T
40.7,T
22.2,T
-37.3,T
11.6,T
-9.55,T
0.392,T
21.7,T
30.4,T
16.8,T
29.7,T
-31.1,T
12.1,T
-16.2,T
10.7,T
-6.96,T
29.6,T
-46.1,T
-7.2,T
10.2,T
-14.5,T
4.88,T
7.52,T
-1.07,T
-29.9,T
-17.3,T
-27.2,T
-31.6,T
-15.6,T
-13,T
-30.7,T
39.4,T
-23,T
34.3,T
11.8,T
-21.1,T
1.22,T
11.9,T
-24.6,T
33.3,T
-55.2,T
22.7,T
5.25,T
-22.2,T
-48.8,T
9.24,T
-14.9,T
-18.6,T
-38.6,T
17.9,T
17.5,T
7.3,T
-29.6,T
-36.4,T
19.4,T
49.3,T
21.4,T
-2.86,T
-54.6,T
-16,T
-7.62,T
14.7,T
-0.683,T
-46,T
42.8,T
-24.4,T
-39.5,T
-22.5,T
-36.7,T
-44.5,T
-7.8,T
27.5,T
-8.19,T
21.4,T
-25.3,T
-21.9,T
-17.3,T
-16.8,T
-33.4,T
-39.8,T
21.4,T
5.37,T
40.3,T
25.4,T
-33,T
-26.3,T
56.7,T
-2.04,T
8.73,T
-44.9,T
-48.5,T
-72.3,T
-32.3,T
-7.74,T
-46,T
-29.9,T
22.3,T
17.3,T
22.7,T
-1.22,T
4.51,T
-14.3,T
-12.5,T
-21.1,T
-22.2,T
31,T
2.29,T
2.17,T
7.15,T
-32.6,T
12.8,T
-24.9,T
-9.87,T
8.14,T
-32.3,T
10.1,T
-39.8,T
-32.9,T
19.6,T
19.2,T
-2.79,T
22.6,T
-7.43,T
18.6,T
-0.79,T
-13.2,T
-3.25,T
1.16,T
-1.93,T
-16.1,T
29.4,T
-35.3,T
-43,T
-62.5,T
-80.5,T
-13.2,T
-21.3,T
26.2,T
-6.4,T
-6.54,T
-13,T
-0.331,T
4.25,T
9.78,T
0.309,T
-35.2,T
38.2,T
36.9,T
-27.7,T
-63.2,T
-24.1,T
-23.7,T
13.1,T
0.357,T
6.41,T
-2.51,T
-42.5,T
-16.3,T
-25.3,T
-56.1,T
34.7,T
29.6,T
5.03,T
24.6,T
19.6,T
7.34,T
16.6,T
-45.4,T
23.8,T
10,T
0.631,T
-17.4,T
-12.4,T
-7.09,T
-30.9,T
-17,T
9.05,T
23,T
-7.44,T
-33.2,T
-23.7,T
-31.2,T
29.3,T
-13.1,T
-38,T
-24.1,T
8.15,T
17.7,T
-8.19,T
-8.72,T
6.83,T
0.452,T
-21,T
-4.82,T
-29.5,T
0.69,T
-4.12,T
6.12,T
6.53,T
0.971,T
1.93,T
-33.5,T
-7.97,T
0.292,T
16.1,T
-31,T
-5.41,T
-2.62,T
23.8,T
-34.6,T
16.8,T
19.4,T
-32,T
-1.33,T
-16.9,T
5.89,T
16.7,T
0.25,T
-34.3,T
28.9,T
9.49,T
16.8,T
-14.8,T
-42.7,T
39.6,T
-19.3,T
0.252,T
2.52,T
-21.2,T
-15.5,T
-15,T
8.62,T
-27.9,T
2.99,T
23.1,T
-25.3,T
-36.9,T
10.7,T
9.21,T
-24,T
-39.9,T
-45,T
-50.7,T
-61,T
-2.06,T
9.12,T
-4.12,T
32,T
-4.75,T
-8.35,T
-33,T
-12.5,T
-0.654,T
-41.9,T
-34.5,T
-2.18,T
-30.8,T
-53,T
-18.1,T
2.25,T
-42.3,T
2.76,T
-18.1,T
-34.6,T
-64.5,T
-11.9,T
-31.2,T
-27.2,T
-56.5,T
-32.4,T
26.1,T
16.6,T
-5.86,T
-9.91,T
-19,T
-24.9,T
24.8,T
-35,T
13.5,T
-46.9,T
-37.3,T
2.49,T
21.7,T
-13.1,T
10.2,T
-17.3,T
-32.3,T
-28.4,T
20.8,T
-1.19,T
29.2,T
34.8,T
-0.276,T
-21,T
-35.4,T
-18.6,T
18.2,T
-0.411,T
-7.5,T
-0.142,T
1.69,T
-62.5,T
16.4,T
-2.72,T
-35.5,T
4.7,T
-1.32,T
10.6,T
-22.5,T
22.4,T
8.13,T
-2.75,T
-56.9,T
15,T
-24.5,T
-13.7,T
-4.39,T
-21.9,T
3.31,T
-24,T
26.7,T
-24.2,T
3.14,T
7.26,T
-6.84,T
-7.66,T
-38.2,T
38.8,T
6.27,T
-2.67,T
-12.3,T
-8.63,T
-34,T
-15.2,T
-15.8,T
0.813,T
-2.75,T
-10.6,T
-20.8,T
-56.4,T
-46.8,T
43,T
7.91,T
-7.3,T
12.1,T
23.4,T
2.63,T
14.6,T
-55.9,T
-9.09,T
-30.8,T
-65.1,T
-39.1,T
2.81,T
13.1,T
-15,T
-13.8,T
-35.9,T
38.2,T
-26.2,T
1.57,T
-28.8,T
-25.3,T
22.7,T
-4.91,T
-0.549,T
-19.5,T
-6.06,T
-39.6,T
-38.6,T
5.5,T
-8.78,T
-7.58,T
0.155,T
-23.7,T
-59.8,T
-20,T
16.5,T
11.9,T
-23.4,T
-7.42,T
2.6,T
-22.5,T
25.1,T
-32.5,T
-6.11,T
19,T
-33,T
-37.9,T
14.6,T
12.1,T
-1.67,T
-67.5,T
3.2,T
8,T
17.7,T
-47.6,T
-15.7,T
-43.8,T
6.78,T
33.4,T
15.7,T
-31.5,T
12.2,T
-48.2,T
23.2,T
-39.5,T
-0.434,T
10.1,T
-80.8,T
-23,T
-40.4,T
5.11,T
23.3,T
13.1,T
-23.6,T
-51.6,T
-19.5,T
21.5,T
0.795,T
6,T
12.2,T
0.364,T
-46.7,T
-36.9,T
17.2,T
15.5,T
17.2,T
19.1,T
34.8,T
-30.5,T
-45.1,T
-7.97,T
-55.1,T
-3.19,T
-13.8,T
-17.8,T
-42.4,T
29.6,T
-8.66,T
-45.9,T
21.2,T
-1.59,T
-32.6,T
42.9,T
40.7,T
-1.68,T
-8.34,T
-15.3,T
-2.63,T
4.61,T
15.8,T
13.2,T
-12.5,T
-72,T
-44.5,T
-8.22,T
-46.1,T
-24.6,T
-16.7,T
-48.7,T
9.43,T
-37.6,T
-39,T
-32.4,T
2.24,T
8.07,T
-2.85,T
-11.9,T
-9.05,T
-2.47,T
24.3,T
25.9,T
0.477,T
18.2,T
38.1,T
-22,T
22.4,T
-3.63,T
-5,T
22.5,T
-54.4,T
5.81,T
-9.34,T
29,T
-35,T
-1.74,T
-29.3,T
-10.6,T
6.91,T
-8.5,T
23.4,T
13.1,T
6.24,T
-3.3,T
-63.7,T
-20.4,T
-1.9,T
-5.92,T
20.8,T
-15,T
8.16,T
-21.4,T
-15.6,T
25.9,T
-36.1,T
-6.25,T
-7.66,T
-24.1,T
-39.6,T
-6.58,T
-43.6,T
-3.24,T
1.24,T
-29.6,T
-3.67,T
3.29,T
-7.51,T
9.26,T
-32.9,T
-15.7,T
-5.02,T
21.1,T
-21.1,T
21.2,T
20.8,T
15.3,T
34.4,T
13.1,T
-7.01,T
10,T
5.24,T
5.76,T
-15.9,T
7.84,T
30.3,T
5.18,T
3.8,T
-16.8,T
-7.16,T
-9.73,T
33.3,T
-32.6,T
8.41,T
14.3,T
23.7,T
2.7,T
27.3,T
16,T
-14.5,T
-25.5,T
-32,T
16.7,T
-8.47,T
-5.43,T
-36,T
29.7,T
5.44,T
3.69,T
13.4,T
-29.8,T
-34.9,T
22.2,T
-2.59,T
-43.1,T
-1.33,T
22.5,T
-6.48,T
23.6,T
24.1,T
-5.38,T
0.439,T
-21.8,T
-4.94,T
2.73,T
-19.1,T
-52.5,T
-8.55,T
-31.2,T
5.46,T
-26.9,T
-17.1,T
25.7,T
-35.9,T
-39.1,T
23,T
8.7,T
32.4,T
18.1,T
-2.11,T
20.2,T
9.49,T
9.32,T
-2.4,T
15.5,T
-42.6,T
3.22,T
-28.5,T
-13,T
-8.5,T
30.3,T
5.14,T
-56.7,T
-40.4,T
13.7,T
20.9,T
-16.8,T
-43.3,T
-0.127,T
20.8,T
-19.8,T
-33.2,T
-11.8,T
-52.9,T
5.79,T
-20,T
16.9,T
16.9,T
-8.22,T
-71.3,T
41,T
-8.16,T
1.49,T
-56.5,T
-25.1,T
1.99,T
10.5,T
-24.5,T
9.68,T
-6.5,T
22.1,T
-1.91,T
15.7,T
-23.8,T
5.85,T
-32.8,T
9.11,T
-47.7,T
-15.4,T
-60.5,T
-17.2,T
-12.5,T
-20.7,T
3.36,T
-35.1,T
-6.72,T
1.24,T
17,T
-8.21,T
9.98,T
1.73,T
-13.5,T
-24.5,T
-0.0556,T
-22,T
-5.73,T
1,T
12.5,T
-24.8,T
-31.2,T
25.3,T
40.4,T
-16.4,T
10.1,T
-11.1,T
17.6,T
-15.6,T
24.7,T
25.1,T
7.72,T
20.7,T
8.37,T
-29.1,T
-5.87,T
-15.9,T
16.1,T
9.69,T
17,T
-8.16,T
-25.5,T
16.5,T
-30.8,T
39.2,T
-57,T
-19.8,T
-13.5,T
-25.1,T
-24.5,T
24.4,T
-20.2,T
-28.8,T
2.49,T
-15.2,T
-39.8,T
12.8,T
0.45,T
11.7,T
-40.5,T
-17.3,T
13.3,T
19.6,T
-2.29,T
16.8,T
11.7,T
-30.9,T
25,T
-22.3,T
-52.1,T
11.9,T
5.63,T
-52,T
-5.71,T
5.08,T
25.8,T
1.22,T
-23.5,T
-79.1,T
-1.05,T
-5.9,T
-13.4,T
-30.4,T
-23.9,T
-56.6,T
-64.7,T
1.12,T
-13.4,T
50.4,T
8.94,T
-32.6,T
29.6,T
-2.04,T
-35,T
52.7,T
-7.17,T
-4.83,T
10.2,T
-55.4,T
9.43,T
4.33,T
31.6,T
32.2,T
-6.61,T
-45.6,T
-30.3,T
0.201,T
24.8,T
9.41,T
11.7,T
12.3,T
2.4,T
16.1,T
-59.6,T
6.3,T
-26.2,T
-32.6,T
2.06,T
41.9,T
3.73,T
-17.9,T
34.6,T
19.6,T
4.19,T
-53.8,T
17.8,T
-9.14,T
-23.7,T
-53,T
-16.7,T
18.4,T
-38.6,T
-43.5,T
15.8,T
24.3,T
-0.192,T
-51.3,T
29.5,T
-7.81,T
13.2,T
-13.8,T
-55.9,T
29,T
-71.2,T
28.9,T
-9.27,T
-48.8,T
-31,T
10.9,T
-29.6,T
-31.1,T
1.59,T
-2.07,T
17.2,T
-49.8,T
-56.8,T
-48.6,T
25,T
-4.59,T
-7.9,T
29,T
29.4,T
-5.14,T
6.63,T
-5.04,T
12.1,T
24.8,T
-71.6,T
-34,T
-14.5,T
41.7,T
-31.7,T
-33.2,T
-62.3,T
-35.7,T
-53.8,T
5.21,T
14.3,T
25.4,T
1.24,T
19.1,T
-8.26,T
-8.06,T
-6.29,T
14.3,T
15,T
-54.7,T
-40.5,T
-43.8,T
-14.4,T
-22.3,T
15.2,T
-5.51,T
-8.77,T
25.3,T
-22.5,T
48.8,T
30.2,T
-25.3,T
60.6,T
-1.09,T
-6.5,T
10.4,T
-8.8,T
-33.3,T
-18.5,T
-48.1,T
22.6,T
7.6,T
-0.373,T
38.9,T
-24.1,T
-57,T
-51.1,T
15.2,T
7.01,T
-14.1,T
-9.38,T
6.05,T
-33.4,T
-2.95,T
-38.2,T
-71.5,T
20,T
-50.4,T
24.5,T
-20,T
29.8,T
8.99,T
11.7,T
-29.5,T
3.31,T
10.1,T
-29.3,T
23.4,T
-0.255,T
-45.8,T
5.34,T
-61.4,T
-65.4,T
29.5,T
7.44,T
15.3,T
8.97,T
15.9,T
-18.3,T
-10,T
-2.16,T
-17.3,T
22.2,T
22.2,T
-64.4,T
-41.9,T
1.69,T
-40.6,T
8.18,T
-0.15,T
-70.8,T
47.2,T
-23.3,T
-43,T
-47.7,T
-9.17,T
8.97,T
25.4,T
-24.2,T
-22.8,T
17.7,T
-14.1,T
29.9,T
-16.2,T
-3.34,T
9.85,T
-3.97,T
7.16,T
38.7,T
-13.2,T
-53.5,T
-47.3,T
40.6,T
-16.2,T
-7.6,T
14.1,T
8.35,T
-14.8,T
29.1,T
-6.09,T
-78.9,T
-55.4,T
18.5,T
-23.3,T
-24.3,T
-24.2,T
9.02,T
9.94,T
2.84,T
-86.7,T
36.7,T
-14.4,T
-36.9,T
-27.9,T
0.422,T
-11.2,T
-16.3,T
15.7,T
-9.55,T
18.5,T
5.54,T
-40,T
17.6,T
-23.8,T
6.68,T
